#Mod_Name,#Mod_Nexus_URL
"Living Skyrim 3.7.1_separator",""
"Base Game Files_separator",""
"Cleaned Master Files",""
"Essentials_separator",""
"Unofficial Skyrim Special Edition Patch","https://www.nexusmods.com/skyrimspecialedition/mods/266"
"Dragon Stalking Fix","https://www.nexusmods.com/skyrimspecialedition/mods/14060"
"Enchantment Reload Fix SE","https://www.nexusmods.com/skyrimspecialedition/mods/21055"
"First Person Sneak Strafe-Walk Stutter Fix","https://www.nexusmods.com/skyrimspecialedition/mods/31165"
"Critters Ain't Snitches - Animal and Monster Crime Reporting Fix","https://www.nexusmods.com/skyrimspecialedition/mods/15134"
"SSE Engine Fixes (skse64 plugin)","https://www.nexusmods.com/skyrimspecialedition/mods/17230"
"Animation Limit Crash Fix SSE","https://www.nexusmods.com/skyrimspecialedition/mods/31146"
"SkyUI","https://www.nexusmods.com/skyrimspecialedition/mods/12604"
"SkyUI SE - Flashing Savegames Fix","https://www.nexusmods.com/skyrimspecialedition/mods/20406"
"Better MessageBox Controls","https://www.nexusmods.com/skyrimspecialedition/mods/1428"
"Copy and Paste in Console","https://www.nexusmods.com/skyrimspecialedition/mods/30928"
"Fixed body collision","https://www.nexusmods.com/skyrimspecialedition/mods/10849"
"Assorted mesh fixes","https://www.nexusmods.com/skyrimspecialedition/mods/32117"
"Actor Movement Limit Fix","https://www.nexusmods.com/skyrimspecialedition/mods/32349"
"Fix Note icon for SkyUI (SKSE64 plugin)","https://www.nexusmods.com/skyrimspecialedition/mods/32561"
"Bug Fixes SSE","https://www.nexusmods.com/skyrimspecialedition/mods/33261"
"SSE Fixes","https://www.nexusmods.com/skyrimspecialedition/mods/10547"
"Dwemer Gates Don't Reset","https://www.nexusmods.com/skyrimspecialedition/mods/26331"
"Raven Rock - Fix Exit on Horseback","https://www.nexusmods.com/skyrimspecialedition/mods/14075"
"Move it Dammit - SSE All-in-One Insaller","https://www.nexusmods.com/skyrimspecialedition/mods/752"
"No More Standing Too Close SSE","https://www.nexusmods.com/skyrimspecialedition/mods/4784"
"Believable Crime Report Radius","https://www.nexusmods.com/skyrimspecialedition/mods/2802"
"Fast Travel Speed Fix","https://www.nexusmods.com/skyrimspecialedition/mods/1503"
"Better Jumping SE","https://www.nexusmods.com/skyrimspecialedition/mods/18967"
"SSE Display Tweaks","https://www.nexusmods.com/skyrimspecialedition/mods/34705"
"Keyboard Shortcuts Fix","https://www.nexusmods.com/skyrimspecialedition/mods/3620"
"Console Commands Extender","https://www.nexusmods.com/skyrimspecialedition/mods/28210"
"Alternate Perspective","https://www.nexusmods.com/skyrimspecialedition/mods/50307"
"Spell Perk Item Distributor","https://www.nexusmods.com/skyrimspecialedition/mods/36869"
"Dynamic Animation Replacer","https://www.nexusmods.com/skyrimspecialedition/mods/33746"
"Skyrim Particle Patch for ENB","https://www.nexusmods.com/skyrimspecialedition/mods/2020"
"HDT-SMP (Skinned Mesh Physics)","https://www.nexusmods.com/skyrimspecialedition/mods/30872"
"RaceMenu High Heels","https://www.nexusmods.com/skyrimspecialedition/mods/18045"
"HDT High Heels Fix","https://www.nexusmods.com/skyrimspecialedition/mods/32052"
"powerofthree's Tweaks","https://www.nexusmods.com/skyrimspecialedition/mods/51073"
"Vanilla Script (micro)Optimizations","https://www.nexusmods.com/skyrimspecialedition/mods/54061"
"Ice skating fixed for real","https://www.nexusmods.com/skyrimspecialedition/mods/55417"
"Modding Resources_separator",""
"SKSE64 - Scripts",""
"UIExtensions","https://www.nexusmods.com/skyrimspecialedition/mods/17561"
"JContainers SE","https://www.nexusmods.com/skyrimspecialedition/mods/16495"
"FileAccess Interface for Skyrim SE Scripts - FISSES","https://www.nexusmods.com/skyrimspecialedition/mods/13956"
"PapyrusUtil SE - Modders Scripting Utility Functions","https://www.nexusmods.com/skyrimspecialedition/mods/13048"
"powerofthree's Papyrus Extender for SSE","https://www.nexusmods.com/skyrimspecialedition/mods/22854"
"ConsoleUtilSSE","https://www.nexusmods.com/skyrimspecialedition/mods/24858"
"Fuz Ro D-oh - Silent Voice","https://www.nexusmods.com/skyrimspecialedition/mods/15109"
"BodySlide and Outfit Studio","https://www.nexusmods.com/skyrimspecialedition/mods/201"
"FNIS Creature Pack SE","https://www.nexusmods.com/skyrimspecialedition/mods/3038"
".NET Script Framework","https://www.nexusmods.com/skyrimspecialedition/mods/21294"
"Scaleform Translation Plus Plus","https://www.nexusmods.com/skyrimspecialedition/mods/22603"
"Custom Skills Framework","https://www.nexusmods.com/skyrimspecialedition/mods/41780"
"MCM Helper","https://www.nexusmods.com/skyrimspecialedition/mods/53000"
"Quality of Life_separator",""
"Stay At The System Page - Updated","https://www.nexusmods.com/skyrimspecialedition/mods/19832"
"Notification Log SSE","https://www.nexusmods.com/skyrimspecialedition/mods/27707"
"Whose Quest Is It Anyway","https://www.nexusmods.com/skyrimspecialedition/mods/23581"
"Quick Light SE","https://www.nexusmods.com/skyrimspecialedition/mods/12633"
"Sometimes Pick Up Books","https://www.nexusmods.com/skyrimspecialedition/mods/11304"
"Yes Im Sure","https://www.nexusmods.com/skyrimspecialedition/mods/24898"
"Essential Favorites","https://www.nexusmods.com/skyrimspecialedition/mods/42997"
"Courier Shows Delivery SE","https://www.nexusmods.com/skyrimspecialedition/mods/51447"
"Hide Quest Items in Container Menu","https://www.nexusmods.com/skyrimspecialedition/mods/51243"
"Lazy Item Hider - Toggle helm weapons and more","https://www.nexusmods.com/skyrimspecialedition/mods/16405"
"NPC AI Process Position Fix - SSE","https://www.nexusmods.com/skyrimspecialedition/mods/40261"
"Better Combat Escape - SSE","https://www.nexusmods.com/skyrimspecialedition/mods/43936"
"Animated Static Reload Fix","https://www.nexusmods.com/skyrimspecialedition/mods/53761"
"Bard Instrumentals Mostly - Sing Rarely","https://www.nexusmods.com/skyrimspecialedition/mods/10927"
"Jiub's Opus","https://www.nexusmods.com/skyrimspecialedition/mods/17056"
"SPID NPC Trap Safety","https://www.nexusmods.com/skyrimspecialedition/mods/55321"
"Simple Outfit System","https://www.nexusmods.com/skyrimspecialedition/mods/48974"
"Quick Mass Follower Commands Hotkey","https://www.nexusmods.com/skyrimspecialedition/mods/51362"
"Hide Your Quests (ESL flagged)","https://www.nexusmods.com/skyrimspecialedition/mods/50125"
"Use Telekinesis on Traps","https://www.nexusmods.com/skyrimspecialedition/mods/59350"
"Auto Input Switch","https://www.nexusmods.com/skyrimspecialedition/mods/54309"
"Gameplay Changes_separator",""
"Gameplay Changes - Perks & Levelling_separator",""
"Vokrii - Minimalistic Perks of Skyrim","https://www.nexusmods.com/skyrimspecialedition/mods/26176"
"Reading Is Good (SKSE)","https://www.nexusmods.com/skyrimspecialedition/mods/42026"
"Early Life Skill Adjustment (SkyRem - Elsa)","https://www.nexusmods.com/skyrimspecialedition/mods/23126"
"Experience","https://www.nexusmods.com/skyrimspecialedition/mods/17751"
"Classic Classes and Birthsigns SSE (Reimagined)","https://www.nexusmods.com/skyrimspecialedition/mods/41298"
"Legacy of The Dragonborn Perk Menus","https://www.nexusmods.com/skyrimspecialedition/mods/47028"
"Custom Skills - HandToHand","https://www.nexusmods.com/skyrimspecialedition/mods/46425"
"Custom Skills - Hand To Hand (Pugilist) - English Translation","https://www.nexusmods.com/skyrimspecialedition/mods/46453"
"Gameplay Changes - Loot_separator",""
"Indigent Residents In Skyrim (SkyRem - Iris)","https://www.nexusmods.com/skyrimspecialedition/mods/41920"
"Dynamic Dungeon Loot (DDL) - Random Loot System","https://www.nexusmods.com/skyrimspecialedition/mods/10308"
"-GOLD- Gold Overhaul and Loot reDone","https://www.nexusmods.com/skyrimspecialedition/mods/1796"
"Lock Related Loot","https://www.nexusmods.com/skyrimspecialedition/mods/11342"
"Fossil Mining - with Legacy support","https://www.nexusmods.com/skyrimspecialedition/mods/14107"
"Gameplay Changes - Trade & Merchants_separator",""
"Evolving Value Economy (SkyRem - Eve)","https://www.nexusmods.com/skyrimspecialedition/mods/26325"
"Trade and Barter","https://www.nexusmods.com/skyrimspecialedition/mods/23081"
"Khajiits Steal Too - Caravan Fence Option","https://www.nexusmods.com/skyrimspecialedition/mods/18231"
"I'm a Customer Dammit","https://www.nexusmods.com/skyrimspecialedition/mods/2982"
"Gameplay Changes - Magic, Shouts, & Powers_separator",""
"GIST - Genuinely Intelligent Soul Trap SE","https://www.nexusmods.com/skyrimspecialedition/mods/15755"
"Vortikai's Dragon Aspect Toggle","https://www.nexusmods.com/skyrimspecialedition/mods/8897"
"Spell Tutor","https://www.nexusmods.com/skyrimspecialedition/mods/45275"
"Odin - Skyrim Magic Overhaul","https://www.nexusmods.com/skyrimspecialedition/mods/46000"
"Gameplay Changes - Combat_separator",""
"Blade and Blunt - A Combat Overhaul","https://www.nexusmods.com/skyrimspecialedition/mods/34549"
"Archery Gameplay Overhaul SE","https://www.nexusmods.com/skyrimspecialedition/mods/24296"
"VioLens - A Killmove Mod SE","https://www.nexusmods.com/skyrimspecialedition/mods/668"
"(SJG) Dual Wield Parrying Reimplementation for SSE (Works for Spell Blades as well)","https://www.nexusmods.com/skyrimspecialedition/mods/18264"
"Difficulty Balance","https://www.nexusmods.com/skyrimspecialedition/mods/35767"
"Bow Charge Plus","https://www.nexusmods.com/skyrimspecialedition/mods/59124"
"Gameplay Changes - Stealth_separator",""
"Realistic AI Detection SE (better sneaking)","https://www.nexusmods.com/skyrimspecialedition/mods/2345"
"ARTFUL DODGER - Dynamic Pickpocket Cap","https://www.nexusmods.com/skyrimspecialedition/mods/17273"
"Destructible Display Cases","https://www.nexusmods.com/skyrimspecialedition/mods/13625"
"Gameplay Changes - Enemies_separator",""
"Arena - An Encounter Zone Overhaul","https://www.nexusmods.com/skyrimspecialedition/mods/33487"
"Mortal Enemies SE","https://www.nexusmods.com/skyrimspecialedition/mods/4881"
"Deadly Dragons","https://www.nexusmods.com/skyrimspecialedition/mods/23723"
"Gameplay Changes - Quests_separator",""
"Finding Susanna Alive","https://www.nexusmods.com/skyrimspecialedition/mods/32512"
"Namira for Good Guys","https://www.nexusmods.com/skyrimspecialedition/mods/336"
"Finding Helgi and Laelette","https://www.nexusmods.com/skyrimspecialedition/mods/28973"
"House of Horrors Divine Intervention","https://www.nexusmods.com/skyrimspecialedition/mods/23047"
"Even Better Quest Objectives SE","https://www.nexusmods.com/skyrimspecialedition/mods/159"
"Thieves Guild Requirements SE","https://www.nexusmods.com/skyrimspecialedition/mods/33256"
"All Thieves Guild Jobs Concurrently","https://www.nexusmods.com/skyrimspecialedition/mods/14883"
"The Choice is Yours","https://www.nexusmods.com/skyrimspecialedition/mods/3850"
"Boethiah for Good Guys","https://www.nexusmods.com/skyrimspecialedition/mods/329"
"Better College Application","https://www.nexusmods.com/skyrimspecialedition/mods/5272"
"Timing is Everything SE","https://www.nexusmods.com/skyrimspecialedition/mods/25464"
"Save the Icerunner - Lights Out Alternate Routes","https://www.nexusmods.com/skyrimspecialedition/mods/34681"
"Headhunter - Bounties Redone","https://www.nexusmods.com/skyrimspecialedition/mods/51847"
"Paarthurnax - Quest Expansion","https://www.nexusmods.com/skyrimspecialedition/mods/51711"
"At Your Own Pace","https://www.nexusmods.com/skyrimspecialedition/mods/52704"
"Nilheim - Misc Quest Expansion","https://www.nexusmods.com/skyrimspecialedition/mods/53792"
"Collecting the Edda","https://www.nexusmods.com/skyrimspecialedition/mods/52081"
"Scene Tweak - The Book of Love - Calcelmo and Faleen hug","https://www.nexusmods.com/skyrimspecialedition/mods/54976"
"Choose Your Own Arch-Mage","https://www.nexusmods.com/skyrimspecialedition/mods/30887"
"Gameplay Changes - Races & Genders_separator",""
"Growl - Werebeasts of Skyrim","https://www.nexusmods.com/skyrimspecialedition/mods/31245"
"Sacrilege - Minimalistic Vampires of Skyrim","https://www.nexusmods.com/skyrimspecialedition/mods/42408"
"Aetherius - A Race Overhaul","https://www.nexusmods.com/skyrimspecialedition/mods/26686"
"Genders Are Boringly Indistinct (SkyRem - Gabi)","https://www.nexusmods.com/skyrimspecialedition/mods/23145"
"Gameplay Changes - Miscellaneous_separator",""
"Mundustar - Personal Standing Stones Overhaul","https://www.nexusmods.com/skyrimspecialedition/mods/41674"
"SSE Gameplay Tweaks","https://www.nexusmods.com/skyrimspecialedition/mods/41953"
"Vision","https://www.nexusmods.com/skyrimspecialedition/mods/49943"
"True Directional Movement - Modernized Third Person Gameplay","https://www.nexusmods.com/skyrimspecialedition/mods/51614"
"Soul-Cairn Objects Secured","https://www.nexusmods.com/skyrimspecialedition/mods/59741"
"Gameplay Additions_separator",""
"Gameplay Additions - Magic & Shouts_separator",""
"Wards Functionalities Extended","https://www.nexusmods.com/skyrimspecialedition/mods/18664"
"Smart Cast","https://www.nexusmods.com/skyrim/mods/43123"
"Smart Cast SSE Patch","https://www.nexusmods.com/skyrimspecialedition/mods/32847"
"Summermyst - Enchantments of Skyrim","https://www.nexusmods.com/skyrimspecialedition/mods/6285"
"Triumvirate - Mage Archetypes","https://www.nexusmods.com/skyrimspecialedition/mods/39170"
"Thunderchild - Epic Shouts and Immersion","https://www.nexusmods.com/skyrimspecialedition/mods/1460"
"Elemental Destruction Magic Redux","https://www.nexusmods.com/skyrimspecialedition/mods/37211"
"Gameplay Additions - Crafting_separator",""
"Complete Alchemy and Cooking Overhaul","https://www.nexusmods.com/skyrimspecialedition/mods/19924"
"Honed Metal - SSE","https://www.nexusmods.com/skyrimspecialedition/mods/12885"
"Honed Metal Voiced","https://www.nexusmods.com/skyrimspecialedition/mods/34393"
"Mystic Condenser SE","https://www.nexusmods.com/skyrimspecialedition/mods/10176"
"Gameplay Additions - Guilds_separator",""
"The Companions - Don't be a Milk Drinker","https://www.nexusmods.com/skyrimspecialedition/mods/19490"
"Become a Bard","https://www.nexusmods.com/skyrimspecialedition/mods/2303"
"Gameplay Additions - Civil War_separator",""
"Immersive War and Violence","https://www.nexusmods.com/skyrimspecialedition/mods/15428"
"Opulent Thieves Guild","https://www.nexusmods.com/skyrimspecialedition/mods/931"
"Open Civil War SSE","https://www.nexusmods.com/skyrimspecialedition/mods/11076"
"Gameplay Additions - Immersion_separator",""
"Wintersun - Faiths of Skyrim","https://www.nexusmods.com/skyrimspecialedition/mods/22506"
"Take Notes - Journal of the Dragonborn SSE","https://www.nexusmods.com/skyrimspecialedition/mods/13570"
"Lawbringer","https://www.nexusmods.com/skyrimspecialedition/mods/29882"
"Wyrmtamer - Lawbringer for Wyrmstooth","https://www.nexusmods.com/skyrimspecialedition/mods/55190"
"Campfire - Complete Camping System (Supports Skyrim VR)","https://www.nexusmods.com/skyrimspecialedition/mods/667"
"Carriage and Ferry Travel Overhaul (Formerly Complete Fast Travel Overhaul)","https://www.nexusmods.com/skyrimspecialedition/mods/8379"
"Attribute Value Application (SkyRem - Ava)","https://www.nexusmods.com/skyrimspecialedition/mods/23329"
"Sharpen Other Swords","https://www.nexusmods.com/skyrimspecialedition/mods/52723"
"Sweeping Organizes Stuff - Use Broom to Clean Mess","https://www.nexusmods.com/skyrimspecialedition/mods/51645"
"Shovels Bury Bodies","https://www.nexusmods.com/skyrimspecialedition/mods/52984"
"Gameplay Additions - Miscellaneous_separator",""
"Hearthfire Extended","https://www.nexusmods.com/skyrimspecialedition/mods/8450"
"Hearthfire multiple adoptions - Now with custom home support for kids and spouse","https://www.nexusmods.com/skyrimspecialedition/mods/3862"
"Achieve That SE","https://www.nexusmods.com/skyrimspecialedition/mods/12708"
"Missives","https://www.nexusmods.com/skyrimspecialedition/mods/17576"
"New Treasure Hunt SSE","https://www.nexusmods.com/skyrimspecialedition/mods/19469"
"Milk and Honey - A Legacy of the Dragonborn addon","https://www.nexusmods.com/skyrimspecialedition/mods/38342"
"Legacy Safehouse Plus","https://www.nexusmods.com/skyrimspecialedition/mods/39278"
"Pet The Dog - Animations","https://www.nexusmods.com/skyrimspecialedition/mods/47829"
"Sensible Bribes - Based on Speechcraft Not Level","https://www.nexusmods.com/skyrimspecialedition/mods/55450"
"Skyrim's Paraglider","https://www.nexusmods.com/skyrimspecialedition/mods/53256"
"Paraglider Auto-Equip Tarhiel's Gale","https://www.nexusmods.com/skyrimspecialedition/mods/53436"
"I Used to Be a Dungeon Boss like You - An Alternate Perspective or Alternate Start Addon","https://www.nexusmods.com/skyrimspecialedition/mods/55310"
"Legacy of the Dragonborn Private Armory","https://www.nexusmods.com/skyrimspecialedition/mods/50072"
"Leaps of Faith - A Misc Quest","https://www.nexusmods.com/skyrimspecialedition/mods/53074"
"Sidequests of Skyrim","https://www.nexusmods.com/skyrimspecialedition/mods/54245"
"Items_separator",""
"Items - Various_separator",""
"Cloaks of Skyrim SSE","https://www.nexusmods.com/skyrimspecialedition/mods/6369"
"Cloaks Of Skyrim Retextured SE","https://www.nexusmods.com/skyrimspecialedition/mods/42558"
"Winter Is Coming SSE - Cloaks","https://www.nexusmods.com/skyrimspecialedition/mods/4933"
"Bandolier - Bags and Pouches Classic","https://www.nexusmods.com/skyrimspecialedition/mods/2417"
"Bandolier - Bags and Pouches for NPC","https://www.nexusmods.com/skyrimspecialedition/mods/19093"
"Better Skill and Quest Books Names SE","https://www.nexusmods.com/skyrimspecialedition/mods/5260"
"Skyrims Unique Treasures","https://www.nexusmods.com/skyrimspecialedition/mods/5261"
"Legacy of the Dragonborn BadGremlins Collection","https://www.nexusmods.com/skyrimspecialedition/mods/15092"
"Additional Hearthfire Dolls","https://www.nexusmods.com/skyrimspecialedition/mods/46930"
"Items - Both Genders Armors_separator",""
"Guards Armor Replacer SSE","https://www.nexusmods.com/skyrimspecialedition/mods/22671"
"Pierced Ears - Earrings SE","https://www.nexusmods.com/skyrimspecialedition/mods/13571"
"Dragonbone Ebonsteel Armor SE","https://www.nexusmods.com/skyrimspecialedition/mods/2290"
"Kynreeve Armor SSE","https://www.nexusmods.com/skyrimspecialedition/mods/14899"
"Kynreeve Armour CBBE Bodyslided with female support","https://www.nexusmods.com/skyrimspecialedition/mods/16916"
"Volkihar Knight - Vampire Armor","https://www.nexusmods.com/skyrimspecialedition/mods/4806"
"Resplendent Armor and Greatsword SE","https://www.nexusmods.com/skyrimspecialedition/mods/17510"
"SPOA Silver Knight Armor SE","https://www.nexusmods.com/skyrimspecialedition/mods/13236"
"SPOA Silver Knight Shield SE","https://www.nexusmods.com/skyrimspecialedition/mods/13353"
"Kredans","https://www.nexusmods.com/skyrimspecialedition/mods/29428"
"Ulag's Legacy - Apotheus Light Armor - Blooded Heavy Armor - Duskward Light Armor","https://www.nexusmods.com/skyrimspecialedition/mods/20510"
"Ghorzas Armory","https://www.nexusmods.com/skyrimspecialedition/mods/16966"
"Rogue Blade Armor WIP","https://www.nexusmods.com/skyrimspecialedition/mods/3167"
"DCR - King Crusader Mega Pack","https://www.nexusmods.com/skyrimspecialedition/mods/8856"
"DCR King Crusader Female Armor Addon 4K - 16K - BodySlide - 8K Weapon Retexture","https://www.nexusmods.com/skyrimspecialedition/mods/32068"
"Grandmaster Ursine Armour - Special Edition","https://www.nexusmods.com/skyrimspecialedition/mods/6989"
"Dark Brotherhood Armor SE","https://www.nexusmods.com/skyrimspecialedition/mods/57539"
"Kreiste's Warriors of Light - Weapons and Armors","https://www.nexusmods.com/skyrimspecialedition/mods/49393"
"Rugged Rogue Outfits","https://www.nexusmods.com/skyrimspecialedition/mods/40606"
"Practical Pirate Outfit","https://www.nexusmods.com/skyrimspecialedition/mods/45244"
"Toughened Traveler Outfit","https://www.nexusmods.com/skyrimspecialedition/mods/54471"
"Items - Female Armors_separator",""
"DX Dark Knight Shield - SE","https://www.nexusmods.com/skyrimspecialedition/mods/40924"
"DX Dark Knight Armor - SSE CBBE BodySlide","https://www.nexusmods.com/skyrimspecialedition/mods/40925"
"DX Gwelda Dawnguard Outfit - UNP","https://www.nexusmods.com/skyrimspecialedition/mods/4862"
"DX Gwelda Dawnguard Outfit - SSE CBBE BodySlide (with Physics)","https://www.nexusmods.com/skyrimspecialedition/mods/31641"
"DX Crimson Blood Armor - UNP","https://www.nexusmods.com/skyrimspecialedition/mods/29451"
"DX Crimson Blood Armor - SSE CBBE BodySlide","https://www.nexusmods.com/skyrimspecialedition/mods/29197"
"DX Gwelda Vampire Outfit - UNP","https://www.nexusmods.com/skyrimspecialedition/mods/25476"
"DX Gwelda Vampire Outfit - SSE CBBE BodySlide (with Physics)","https://www.nexusmods.com/skyrimspecialedition/mods/29284"
"Crimson Twilight Armor - CBBE SSE","https://www.nexusmods.com/skyrimspecialedition/mods/13059"
"Ranger Armor - SSE CBBE BodySlide (with Physics)","https://www.nexusmods.com/skyrimspecialedition/mods/16950"
"Another Vampire leather Armor","https://www.nexusmods.com/skyrimspecialedition/mods/15196"
"Another Vampire Leather Armor - CBBE SSE BodySlide","https://www.nexusmods.com/skyrimspecialedition/mods/18914"
"Amulets of Skyrim SSE","https://www.nexusmods.com/skyrimspecialedition/mods/487"
"Vampire Leather Armor - CBBE SSE BodySlide","https://www.nexusmods.com/skyrimspecialedition/mods/18873"
"Dark Brotherhood Armor SE CBBE Conversion","https://www.nexusmods.com/skyrimspecialedition/mods/57553"
"Colovian Leather Armor and Outfit SE - UNP - CBBE","https://www.nexusmods.com/skyrimspecialedition/mods/50331"
"College Prestige Mage Outfit SE","https://www.nexusmods.com/skyrimspecialedition/mods/56350"
"Battle Mage Armour","https://www.nexusmods.com/skyrimspecialedition/mods/42524"
"Wilderness Witch Outfit","https://www.nexusmods.com/skyrimspecialedition/mods/40963"
"Items - Weapons_separator",""
"Artifacts - The Ice Blade of the Monarch [SSE]","https://www.nexusmods.com/skyrimspecialedition/mods/13972"
"Garrus's Axes","https://www.nexusmods.com/skyrimspecialedition/mods/14012"
"Dawnguard Arsenal SSE","https://www.nexusmods.com/skyrimspecialedition/mods/25094"
"Fulcimentum - More Staves and Wands of Skyrim","https://www.nexusmods.com/skyrimspecialedition/mods/23825"
"Skyrim Weapons Expansion","https://www.nexusmods.com/skyrimspecialedition/mods/32500"
"Mystical and Continuum","https://www.nexusmods.com/skyrimspecialedition/mods/15224"
"Sword of the First Ember","https://www.nexusmods.com/skyrimspecialedition/mods/14531"
"Ritevice - Sword of Stendarr","https://www.nexusmods.com/skyrimspecialedition/mods/34666"
"Silver Weapons","https://www.nexusmods.com/skyrimspecialedition/mods/11676"
"Warmaces of skyrim","https://www.nexusmods.com/skyrimspecialedition/mods/21539"
"Rider's Axe","https://www.nexusmods.com/skyrimspecialedition/mods/18242"
"Mithrodin Sword","https://www.nexusmods.com/skyrimspecialedition/mods/13065"
"Unique Bows Collection","https://www.nexusmods.com/skyrimspecialedition/mods/21524"
"Unique Bows Collection Balanced","https://www.nexusmods.com/skyrimspecialedition/mods/33451"
"DX Faction Crossbows SE","https://www.nexusmods.com/skyrimspecialedition/mods/4047"
"Swordsman's Assortment SE","https://www.nexusmods.com/skyrimspecialedition/mods/12543"
"DX Dark Knight Armor - UNP","https://www.nexusmods.com/skyrimspecialedition/mods/40775"
"Reaper Weapon Kit 2.0","https://www.nexusmods.com/skyrimspecialedition/mods/22108"
"Standalone09sWeapons","https://www.nexusmods.com/skyrimspecialedition/mods/19361"
"Dovah Nord Weapons SE","https://www.nexusmods.com/skyrimspecialedition/mods/19236"
"Sedethul","https://www.nexusmods.com/skyrimspecialedition/mods/13345"
"Nordic Dragon Bow","https://www.nexusmods.com/skyrimspecialedition/mods/10335"
"Albion Swords","https://www.nexusmods.com/skyrimspecialedition/mods/13824"
"Legendary Skyrim Crossbows and Bows SSE","https://www.nexusmods.com/skyrimspecialedition/mods/8273"
"Items - Male Armors_separator",""
"Magnus Robe","https://www.nexusmods.com/skyrimspecialedition/mods/35623"
"Items - Weapons & Armors_separator",""
"NordWarUA's Vanilla Armor Replacers SSE","https://www.nexusmods.com/skyrimspecialedition/mods/31679"
"NordWarUA's Vanilla Armor and Weapon Expansion - Standalone Plugin","https://www.nexusmods.com/skyrimspecialedition/mods/33872"
"Blackened Steel Armor CBBE with BodySlide","https://www.nexusmods.com/skyrimspecialedition/mods/33106"
"Artifacts - The Breton Paladin [SSE]","https://www.nexusmods.com/skyrimspecialedition/mods/16199"
"Oblivion Artifact Pack SE","https://www.nexusmods.com/skyrimspecialedition/mods/10644"
"Items - Artifacts_separator",""
"Kthonia's Unique Weapon Pack - Dragonborn Weapons","https://www.nexusmods.com/skyrimspecialedition/mods/15050"
"Royal Armory - New Artifacts","https://www.nexusmods.com/skyrimspecialedition/mods/6994"
"Aetherium Armor and Weapons Compilation by lautasantenni","https://www.nexusmods.com/skyrimspecialedition/mods/2687"
"Awesome Artifacts","https://www.nexusmods.com/skyrimspecialedition/mods/13776"
"New Dungeons & Lands_separator",""
"Falskaar","https://www.nexusmods.com/skyrimspecialedition/mods/2057"
"Hammet's Dungeon Packs for SE","https://www.nexusmods.com/skyrimspecialedition/mods/12186"
"Land of Vominheim","https://www.nexusmods.com/skyrimspecialedition/mods/31472"
"Wyrmstooth","https://www.nexusmods.com/skyrimspecialedition/mods/45565"
"Aethernautics- A Space Travel Mod","https://www.nexusmods.com/skyrimspecialedition/mods/436"
"Beyond Skyrim - Bruma SE","https://www.nexusmods.com/skyrimspecialedition/mods/10917"
"Beyond Skyrim - Bruma SE - DLC Integration Patch","https://www.nexusmods.com/skyrimspecialedition/mods/10917"
"New Questlines_separator",""
"VIGILANT SE","https://www.nexusmods.com/skyrimspecialedition/mods/11849"
"VIGILANT SE HiRes Pack","https://www.nexusmods.com/skyrimspecialedition/mods/11849"
"Moonpath to Elsweyr SSE","https://www.nexusmods.com/skyrimspecialedition/mods/4341"
"Helgen Reborn","https://www.nexusmods.com/skyrimspecialedition/mods/5673"
"Carved Brink","https://www.nexusmods.com/skyrimspecialedition/mods/24351"
"The Gray Cowl of Nocturnal SE","https://www.nexusmods.com/skyrimspecialedition/mods/4509"
"The Falkreath Hauntings","https://www.nexusmods.com/skyrimspecialedition/mods/20733"
"The Forgotten City","https://www.nexusmods.com/skyrimspecialedition/mods/1179"
"Moon and Star","https://www.nexusmods.com/skyrimspecialedition/mods/4301"
"Clockwork (SSE)","https://www.nexusmods.com/skyrimspecialedition/mods/4155"
"Project AHO","https://www.nexusmods.com/skyrimspecialedition/mods/15996"
"Konahrik's Accoutrements","https://www.nexusmods.com/skyrimspecialedition/mods/22206"
"Artifacts - The Tournament of the Ten Bloods [SSE]","https://www.nexusmods.com/skyrimspecialedition/mods/15264"
"Blackened Steel Armour and Weapon set","https://www.nexusmods.com/skyrimspecialedition/mods/27052"
"The Wheels of Lull SE","https://www.nexusmods.com/skyrimspecialedition/mods/748"
"The Tools of Kagrenac","https://www.nexusmods.com/skyrimspecialedition/mods/14168"
"Faction - Pit Fighter","https://www.nexusmods.com/skyrimspecialedition/mods/22513"
"Faction - Pit Fighter - Revamped","https://www.nexusmods.com/skyrimspecialedition/mods/42340"
"The Tale of Tsatampra Xiros","https://www.nexusmods.com/skyrimspecialedition/mods/36707"
"The Lost Wonders of Mzark","https://www.nexusmods.com/skyrimspecialedition/mods/40674"
"The Lost Wonders of Mzark - Boats Addon","https://www.nexusmods.com/skyrimspecialedition/mods/40674"
"Dwemer Spectres Special Edition","https://www.nexusmods.com/skyrimspecialedition/mods/8016"
"Blackreach Railroad","https://www.nexusmods.com/skyrimspecialedition/mods/435"
"Teldryn Serious - A Teldryn Sero Backstory Quest SSE","https://www.nexusmods.com/skyrimspecialedition/mods/5541"
"Identity Crisis","https://www.nexusmods.com/skyrimspecialedition/mods/39634"
"Legacy of the Dragonborn SSE","https://www.nexusmods.com/skyrimspecialedition/mods/11802"
"Player Homes_separator",""
"Morskom Estate","https://www.nexusmods.com/skyrimspecialedition/mods/33408"
"Riverside Shack - Buildable Player Home","https://www.nexusmods.com/skyrimspecialedition/mods/20982"
"THE TINIEST SHACK","https://www.nexusmods.com/skyrimspecialedition/mods/46874"
"The Ravens Breezehome SE","https://www.nexusmods.com/skyrimspecialedition/mods/20486"
"Redspire Manor (SE)","https://www.nexusmods.com/skyrimspecialedition/mods/2460"
"Mornfallow Manor - Hearthfire Buildable Windhelm Home (Special Edition)","https://www.nexusmods.com/skyrimspecialedition/mods/411"
"JK's Riverfall Cottage","https://www.nexusmods.com/skyrimspecialedition/mods/34542"
"Gleamblossom Hollow","https://www.nexusmods.com/skyrimspecialedition/mods/26277"
"Zulfardin","https://www.nexusmods.com/skyrimspecialedition/mods/33889"
"NIFLHOLM - Hall Under the Mountain","https://www.nexusmods.com/skyrimspecialedition/mods/8681"
"The Winking Skeever Loft","https://www.nexusmods.com/skyrimspecialedition/mods/41895"
"Mona Alta","https://www.nexusmods.com/skyrimspecialedition/mods/9883"
"Skyrim SE Pinewood Manor","https://www.nexusmods.com/skyrimspecialedition/mods/6635"
"Hjertesten Hall - Player Home and Settlement","https://www.nexusmods.com/skyrimspecialedition/mods/48118"
"Somnolent Nook -- Small Attic Player Home in Riften","https://www.nexusmods.com/skyrimspecialedition/mods/46068"
"Solitude Rectory - Tiny Imperial Temple Home","https://www.nexusmods.com/skyrimspecialedition/mods/23735"
"Settlement Expansions_separator",""
"Fortified Whiterun","https://www.nexusmods.com/skyrimspecialedition/mods/40094"
"JK's Skyrim","https://www.nexusmods.com/skyrimspecialedition/mods/6289"
"ClefJ's Half Moon Mill - SE","https://www.nexusmods.com/skyrimspecialedition/mods/24365"
"Anga's Mill Reborn","https://www.nexusmods.com/skyrimspecialedition/mods/13239"
"Stonehills Reborn","https://www.nexusmods.com/skyrimspecialedition/mods/21788"
"Better Tel Mithryn","https://www.nexusmods.com/skyrimspecialedition/mods/643"
"Raven Rock Reborn","https://www.nexusmods.com/skyrimspecialedition/mods/30154"
"The Great Town of Karthwasten SSE","https://www.nexusmods.com/skyrimspecialedition/mods/33032"
"The Great Town of Ivarstead SSE","https://www.nexusmods.com/skyrimspecialedition/mods/34505"
"The Great Town of Shor's Stone SSE","https://www.nexusmods.com/skyrimspecialedition/mods/35977"
"The Great Village of Mixwater Mill SSE","https://www.nexusmods.com/skyrimspecialedition/mods/36350"
"The Great Village of Old Hroldan SSE","https://www.nexusmods.com/skyrimspecialedition/mods/33189"
"The Great City Of Falkreath SSE Edition","https://www.nexusmods.com/skyrimspecialedition/mods/19709"
"The Great Cities - Minor Cities and Towns SSE Edition","https://www.nexusmods.com/skyrimspecialedition/mods/20272"
"Location Expansions_separator",""
"Northern Marsh Bridges","https://www.nexusmods.com/skyrimspecialedition/mods/9107"
"Serenity","https://www.nexusmods.com/skyrimspecialedition/mods/30019"
"Silent Moons Enchantments Only","https://www.nexusmods.com/skyrimspecialedition/mods/30019"
"Halted Stream Mine","https://www.nexusmods.com/skyrimspecialedition/mods/27360"
"Obscure's College of Winterhold","https://www.nexusmods.com/skyrimspecialedition/mods/20514"
"Skyrim Sewers 4","https://www.nexusmods.com/skyrimspecialedition/mods/9320"
"Tactical Valtheim","https://www.nexusmods.com/skyrimspecialedition/mods/9101"
"Whiterun Watchtower Doesn't Start Broken","https://www.nexusmods.com/skyrimspecialedition/mods/49305"
"JK's The Ragged Flagon","https://www.nexusmods.com/skyrimspecialedition/mods/50765"
"Stendarr Rising - The Hall of the Vigilant Rebuild","https://www.nexusmods.com/skyrimspecialedition/mods/49346"
"JK's The Pawned Prawn","https://www.nexusmods.com/skyrimspecialedition/mods/50135"
"JK's Arcadia's Cauldron","https://www.nexusmods.com/skyrimspecialedition/mods/33565"
"JK's The Bannered Mare","https://www.nexusmods.com/skyrimspecialedition/mods/33845"
"JK's The Drunken Huntsman","https://www.nexusmods.com/skyrimspecialedition/mods/33783"
"JK's Warmaiden's","https://www.nexusmods.com/skyrimspecialedition/mods/33685"
"JK's Belethor's General Goods","https://www.nexusmods.com/skyrimspecialedition/mods/33636"
"JK's Dragonsreach","https://www.nexusmods.com/skyrimspecialedition/mods/34000"
"JK's Sleeping Giant Inn","https://www.nexusmods.com/skyrimspecialedition/mods/35806"
"JK's Angeline's Aromatics","https://www.nexusmods.com/skyrimspecialedition/mods/44482"
"JK's Bits and Pieces","https://www.nexusmods.com/skyrimspecialedition/mods/44642"
"JK's Radiant Raiment","https://www.nexusmods.com/skyrimspecialedition/mods/44858"
"JK's Blue Palace","https://www.nexusmods.com/skyrimspecialedition/mods/45324"
"JK's Candlehearth Hall","https://www.nexusmods.com/skyrimspecialedition/mods/45617"
"JK's Palace of the Kings","https://www.nexusmods.com/skyrimspecialedition/mods/48902"
"JK's New Gnisis Cornerclub","https://www.nexusmods.com/skyrimspecialedition/mods/48293"
"JK's Sadris Used Wares","https://www.nexusmods.com/skyrimspecialedition/mods/47942"
"JK's White Phial","https://www.nexusmods.com/skyrimspecialedition/mods/47713"
"JK's The Bee and Barb","https://www.nexusmods.com/skyrimspecialedition/mods/49516"
"JK's Elgrims Elixirs","https://www.nexusmods.com/skyrimspecialedition/mods/49934"
"Dungeons - Revisited","https://www.nexusmods.com/skyrimspecialedition/mods/51798"
"Thanedom Of Darkwater Crossing","https://www.nexusmods.com/skyrimspecialedition/mods/33698"
"The Great Village of Kynesgrove","https://www.nexusmods.com/skyrimspecialedition/mods/42639"
"JK's Mistveil Keep","https://www.nexusmods.com/skyrimspecialedition/mods/52462"
"JK's The Temple of Mara","https://www.nexusmods.com/skyrimspecialedition/mods/52724"
"JK's The Winking Skeever","https://www.nexusmods.com/skyrimspecialedition/mods/43991"
"JK's Silver-Blood Inn","https://www.nexusmods.com/skyrimspecialedition/mods/53554"
"JK's Arnleif and Sons Trading Company","https://www.nexusmods.com/skyrimspecialedition/mods/54166"
"JK's The Hag's Cure","https://www.nexusmods.com/skyrimspecialedition/mods/54587"
"LOTD Pale Pass Extension","https://www.nexusmods.com/skyrimspecialedition/mods/48814"
"JK's Understone Keep","https://www.nexusmods.com/skyrimspecialedition/mods/55571"
"JK's Riverwood Trader","https://www.nexusmods.com/skyrimspecialedition/mods/55959"
"JK's Temple of the Divines","https://www.nexusmods.com/skyrimspecialedition/mods/57304"
"JK's Temple of Dibella","https://www.nexusmods.com/skyrimspecialedition/mods/56371"
"JK's Temple of Kynareth","https://www.nexusmods.com/skyrimspecialedition/mods/56737"
"Graphics - Base_separator",""
"Static Mesh Improvement Mod","https://www.nexusmods.com/skyrimspecialedition/mods/659"
"Static Mesh Improvement Mod Improvement Mod","https://www.nexusmods.com/skyrimspecialedition/mods/55543"
"Noble Skyrim Mod HD-2K","https://www.nexusmods.com/skyrimspecialedition/mods/21423"
"Ruins Clutter Improved","https://www.nexusmods.com/skyrimspecialedition/mods/5870"
"Ruins Clutter Improved - Fixes","https://www.nexusmods.com/skyrimspecialedition/mods/21031"
"Animated Clutter","https://www.nexusmods.com/skyrimspecialedition/mods/14398"
"Misc Retexture Project","https://www.nexusmods.com/skyrimspecialedition/mods/13578"
"Weapons Armor and Clothing - Cathedral Concept","https://www.nexusmods.com/skyrimspecialedition/mods/20199"
"eFPS - Exterior FPS boost","https://www.nexusmods.com/skyrimspecialedition/mods/54907"
"Graphics - Landscapes_separator",""
"Blended Roads","https://www.nexusmods.com/skyrimspecialedition/mods/8834"
"Majestic Mountains","https://www.nexusmods.com/skyrimspecialedition/mods/11052"
"Cathedral - 3D Rocky Shores","https://www.nexusmods.com/skyrimspecialedition/mods/33474"
"Water for ENB","https://www.nexusmods.com/skyrimspecialedition/mods/37061"
"Majestic Mountains - Northside","https://www.nexusmods.com/skyrimspecialedition/mods/27981"
"Underground - a dungeon texture overhaul","https://www.nexusmods.com/skyrimspecialedition/mods/14365"
"Rally's Lava","https://www.nexusmods.com/skyrimspecialedition/mods/34695"
"Rally's Solstheim Landscapes","https://www.nexusmods.com/skyrimspecialedition/mods/35590"
"Septentrional Landscapes SE","https://www.nexusmods.com/skyrimspecialedition/mods/29842"
"Folkvangr - Grass and Landscape Overhaul","https://www.nexusmods.com/skyrimspecialedition/mods/44899"
"Cathedral Snow (SSE or VR)","https://www.nexusmods.com/skyrimspecialedition/mods/18033"
"Depths of Skyrim - An Underwater Overhaul SSE","https://www.nexusmods.com/skyrimspecialedition/mods/26913"
"Graphics - Locations_separator",""
"Illustrious Whiterun SE","https://www.nexusmods.com/skyrimspecialedition/mods/28950"
"CC's HQ Mines Redone - AiO - 1.5","https://www.nexusmods.com/skyrimspecialedition/mods/18044"
"CC's Fort Dawnguard Reborn","https://www.nexusmods.com/skyrimspecialedition/mods/9776"
"Rally's Raven Rock","https://www.nexusmods.com/skyrimspecialedition/mods/34292"
"Rally's Tel Mithryn","https://www.nexusmods.com/skyrimspecialedition/mods/35437"
"Rally's Riekling Outposts","https://www.nexusmods.com/skyrimspecialedition/mods/34899"
"Sovngarde HD","https://www.nexusmods.com/skyrimspecialedition/mods/15891"
"The Halls of the Greybeards - a High Hrothgar Retexuring","https://www.nexusmods.com/skyrimspecialedition/mods/22672"
"Northfire's Castle Volkihar","https://www.nexusmods.com/skyrimspecialedition/mods/10710"
"Books of Skyrim SE","https://www.nexusmods.com/skyrimspecialedition/mods/4115"
"DynDOLOD Resources SE","https://www.nexusmods.com/skyrimspecialedition/mods/52897"
"Soul Cairn HD","https://www.nexusmods.com/skyrimspecialedition/mods/15481"
"Spice Of Life - Orc Longhouses","https://www.nexusmods.com/skyrimspecialedition/mods/22178"
"The Gray Cowl of Nocturnal SSE - HD pack","https://www.nexusmods.com/skyrimspecialedition/mods/7644"
"Skyrim Textures Redone - SkyHaven","https://www.nexusmods.com/skyrimspecialedition/mods/10375"
"Extravagant Interiors - Solitude","https://www.nexusmods.com/skyrimspecialedition/mods/41621"
"Ashbound -- Solstheim Enhanced","https://www.nexusmods.com/skyrimspecialedition/mods/14663"
"CleverCharff's Bruma","https://www.nexusmods.com/skyrimspecialedition/mods/41316"
"Innocence Lost - Aretino Residence Redone","https://www.nexusmods.com/skyrimspecialedition/mods/50661"
"Graphics - Weather & Skies_separator",""
"Obsidian Weathers and Seasons","https://www.nexusmods.com/skyrimspecialedition/mods/12125"
"Aequinoctium Add-on Patch for Obsidian Weathers","https://www.nexusmods.com/skyrimspecialedition/mods/16117"
"Better Dynamic Snow SE","https://www.nexusmods.com/skyrimspecialedition/mods/9121"
"Better Dynamic Ash SE","https://www.nexusmods.com/skyrimspecialedition/mods/14644"
"8K Night Skies - Stars and Galaxies - Cathedral Concept","https://www.nexusmods.com/skyrimspecialedition/mods/20301"
"Skygazer Moons SSE - Masser and Secunda HD Textures - No Glow","https://www.nexusmods.com/skyrimspecialedition/mods/32057"
"True Storms Special Edition - Thunder Rain and Weather Redone","https://www.nexusmods.com/skyrimspecialedition/mods/2472"
"ETHEREAL CLOUDS - Special Edition","https://www.nexusmods.com/skyrimspecialedition/mods/2393"
"Darker Nights 1.7p13","https://www.nexusmods.com/skyrimspecialedition/mods/694"
"Graphics - Flora_separator",""
"Blubbos Trees in Whiterun","https://www.nexusmods.com/skyrimspecialedition/mods/22291"
"Whiterun Forest Borealis","https://www.nexusmods.com/skyrimspecialedition/mods/11343"
"Bent Pines II","https://www.nexusmods.com/skyrimspecialedition/mods/8306"
"Enhanced Vanilla Trees SE","https://www.nexusmods.com/skyrimspecialedition/mods/11008"
"Enhanced Landscapes - Oaks Mixed Greens SSE","https://www.nexusmods.com/skyrimspecialedition/mods/27367"
"City Entrances Overhaul - Windhelm","https://www.nexusmods.com/skyrimspecialedition/mods/19400"
"Reach Tree Replacer SSE","https://www.nexusmods.com/skyrimspecialedition/mods/19523"
"Reach Tree Replacer SSE - Billboards","https://www.nexusmods.com/skyrimspecialedition/mods/19523"
"Reach Tree Replacer SSE - DynDoLOD Ultra Tree Lod","https://www.nexusmods.com/skyrimspecialedition/mods/19523"
"HQ Tree Bark","https://www.nexusmods.com/skyrimspecialedition/mods/6556"
"TREES ADDON SE","https://www.nexusmods.com/skyrimspecialedition/mods/22053"
"Sacred Trees","https://www.nexusmods.com/skyrimspecialedition/mods/26214"
"Whiterun's Trees Overhaul","https://www.nexusmods.com/skyrimspecialedition/mods/16230"
"Realistic Aspen Trees SE",""
"Immersive Fallen Trees SSE","https://www.nexusmods.com/skyrimspecialedition/mods/8767"
"Cathedral - Plants","https://www.nexusmods.com/skyrimspecialedition/mods/26104"
"Deathbell by Mari","https://www.nexusmods.com/skyrimspecialedition/mods/37869"
"Nightshade by Mari","https://www.nexusmods.com/skyrimspecialedition/mods/37894"
"Tundra cotton by Mari","https://www.nexusmods.com/skyrimspecialedition/mods/37113"
"Nirnroot by Mari","https://www.nexusmods.com/skyrimspecialedition/mods/36398"
"Ivy by Mari","https://www.nexusmods.com/skyrimspecialedition/mods/37112"
"Thistle by Mari SE","https://www.nexusmods.com/skyrimspecialedition/mods/35138"
"Lavender by Mari SE","https://www.nexusmods.com/skyrimspecialedition/mods/34773"
"Hanging moss by Mari SE","https://www.nexusmods.com/skyrimspecialedition/mods/34772"
"Dragons tongue by Mari","https://www.nexusmods.com/skyrimspecialedition/mods/36334"
"Mountain flower by Mari SE","https://www.nexusmods.com/skyrimspecialedition/mods/35102"
"Snowberries by Mari","https://www.nexusmods.com/skyrimspecialedition/mods/41793"
"Juniper by Mari","https://www.nexusmods.com/skyrimspecialedition/mods/45431"
"Dead Shrubs Replacer","https://www.nexusmods.com/skyrimspecialedition/mods/33842"
"Rally's Solstheim Plants","https://www.nexusmods.com/skyrimspecialedition/mods/35081"
"Less Ugly Tundragrass","https://www.nexusmods.com/skyrimspecialedition/mods/26740"
"Renthal Nettle SSE","https://www.nexusmods.com/skyrimspecialedition/mods/33749"
"Rudy HQ - Falling Leaves and Needles SE","https://www.nexusmods.com/skyrimspecialedition/mods/25939"
"High Poly Blackreach Mushrooms","https://www.nexusmods.com/skyrimspecialedition/mods/40418"
"High Poly Gleamblossoms","https://www.nexusmods.com/skyrimspecialedition/mods/40278"
"Gray Cowl of Nocturnal Alikr Flora Overhaul SE","https://www.nexusmods.com/skyrimspecialedition/mods/10141"
"High Poly Canticle Tree","https://www.nexusmods.com/skyrimspecialedition/mods/51433"
"Graphics - Fauna_separator",""
"RUSTIC SPRIGGAN - Special Edition","https://www.nexusmods.com/skyrimspecialedition/mods/18107"
"RUSTIC DRAGON CORPSE - Special Edition","https://www.nexusmods.com/skyrimspecialedition/mods/17639"
"RUSTIC FROSTBITE SPIDER - Special Edition","https://www.nexusmods.com/skyrimspecialedition/mods/18817"
"RUSTIC DEATH HOUND and GARGOYLE - Special Edition","https://www.nexusmods.com/skyrimspecialedition/mods/17740"
"RUSTIC DAEDRA - Special Edition","https://www.nexusmods.com/skyrimspecialedition/mods/19272"
"Vampire Lord Retexture","https://www.nexusmods.com/skyrimspecialedition/mods/8402"
"HD Werewolf Retexture","https://www.nexusmods.com/skyrimspecialedition/mods/277"
"Regal Dragons - SSE Retexture Mod","https://www.nexusmods.com/skyrimspecialedition/mods/26481"
"RUSTIC DRAGONS - Special Edition","https://www.nexusmods.com/skyrimspecialedition/mods/37700"
"Skeleton.and.Human.Bones.by.Kajuan","https://www.nexusmods.com/skyrimspecialedition/mods/17282"
"Falmer.by.Kajuan","https://www.nexusmods.com/skyrimspecialedition/mods/17224"
"Hagraven.by.Kajuan","https://www.nexusmods.com/skyrimspecialedition/mods/7679"
"Wispmother.by.Kajuan","https://www.nexusmods.com/skyrimspecialedition/mods/7638"
"Mammoth.by.Kajuan","https://www.nexusmods.com/skyrimspecialedition/mods/6127"
"Giant.by.Kajuan","https://www.nexusmods.com/skyrimspecialedition/mods/6179"
"Draugr.by.Kajuan","https://www.nexusmods.com/skyrimspecialedition/mods/5848"
"SABRECAT.by.Kajuan","https://www.nexusmods.com/skyrimspecialedition/mods/5303"
"Dragon.Priest.by.Kajuan","https://www.nexusmods.com/skyrimspecialedition/mods/4974"
"Troll.by.Kajuan","https://www.nexusmods.com/skyrimspecialedition/mods/4682"
"CC's HD Dwemer Automatons - Remastered","https://www.nexusmods.com/skyrimspecialedition/mods/32267"
"Rally's Butterflies Moths and Torchbugs","https://www.nexusmods.com/skyrimspecialedition/mods/36358"
"True Wolves of Skyrim","https://www.nexusmods.com/skyrim/mods/59174"
"Butterfly Improved by zzjay - SE","https://www.nexusmods.com/skyrimspecialedition/mods/37302"
"Photoreal Foxes 2K HD Retexture","https://www.nexusmods.com/skyrimspecialedition/mods/12372"
"MM - REAL ELKS","https://www.nexusmods.com/skyrimspecialedition/mods/41929"
"GOAT HD by Pfuscher","https://www.nexusmods.com/skyrimspecialedition/mods/22802"
"Realistic Horse Breeds by KrittaKitty","https://www.nexusmods.com/skyrimspecialedition/mods/7685"
"Skeleton Replacer HD","https://www.nexusmods.com/skyrimspecialedition/mods/52845"
"Graphics - Objects_separator",""
"Thrones of Skyrim","https://www.nexusmods.com/skyrimspecialedition/mods/41198"
"Enhanced Blood Textures SE","https://www.nexusmods.com/skyrimspecialedition/mods/2357"
"Pilgrims Delight - High Hrothgar Shrine Retextures","https://www.nexusmods.com/skyrimspecialedition/mods/3273"
"Real 3D Walls","https://www.nexusmods.com/skyrimspecialedition/mods/23611"
"JS Shrines of the Divines SE","https://www.nexusmods.com/skyrimspecialedition/mods/33394"
"RUSTIC CLUTTER COLLECTION - Special Edition","https://www.nexusmods.com/skyrimspecialedition/mods/5795"
"RUSTIC COOKING - Special Edition","https://www.nexusmods.com/skyrimspecialedition/mods/6142"
"RUSTIC RELIEFS","https://www.nexusmods.com/skyrimspecialedition/mods/34684"
"PELTAPALOOZA - Special Edition","https://www.nexusmods.com/skyrimspecialedition/mods/5442"
"RUSTIC FURNITURE - SPECIAL EDITION","https://www.nexusmods.com/skyrimspecialedition/mods/17228"
"Arri's Snow Elf Ruins Retexture Special Edition","https://www.nexusmods.com/skyrimspecialedition/mods/7292"
"Archery Target Retexture","https://www.nexusmods.com/skyrimspecialedition/mods/12530"
"2K Retextured Mage Tables","https://www.nexusmods.com/skyrimspecialedition/mods/16446"
"Training Dummies Retexture 4k and 2k","https://www.nexusmods.com/skyrimspecialedition/mods/13522"
"Ruins Puzzle Pillar Retexture","https://www.nexusmods.com/skyrimspecialedition/mods/13062"
"Stunning Statues of Skyrim","https://www.nexusmods.com/skyrimspecialedition/mods/3375"
"2K Imperial Tents Retexture","https://www.nexusmods.com/skyrimspecialedition/mods/16962"
"2K Nordic Tents Retexture","https://www.nexusmods.com/skyrimspecialedition/mods/17072"
"ElSopa HD Texture Pack","https://www.nexusmods.com/skyrimspecialedition/mods/29160"
"Glorious Doors of Skyrim (GDOS)","https://www.nexusmods.com/skyrimspecialedition/mods/32376"
"Astral Aspect - 4K Standing Stones","https://www.nexusmods.com/skyrimspecialedition/mods/18098"
"CC's Enhanced Ore Veins SSE - 2K - 8.0","https://www.nexusmods.com/skyrimspecialedition/mods/1306"
"CC's HQ Alduins Wall","https://www.nexusmods.com/skyrimspecialedition/mods/2638"
"CC's HQ Roadsigns SSE - SD - 4.2","https://www.nexusmods.com/skyrimspecialedition/mods/2778"
"WiZkiD Signs","https://www.nexusmods.com/skyrimspecialedition/mods/30481"
"Ennead Banners","https://www.nexusmods.com/skyrimspecialedition/mods/10564"
"Rally's All The Things","https://www.nexusmods.com/skyrimspecialedition/mods/33669"
"RUGNAROK - Special Edition","https://www.nexusmods.com/skyrimspecialedition/mods/5436"
"Al's Bust of The Gray Fox","https://www.nexusmods.com/skyrimspecialedition/mods/37144"
"Ennead Shadowmarks","https://www.nexusmods.com/skyrimspecialedition/mods/9264"
"Sweet Mother - the Night Mother Improvement","https://www.nexusmods.com/skyrim/mods/4947"
"Skyrim 3D High Hrothgar Steps","https://www.nexusmods.com/skyrimspecialedition/mods/19905"
"Medieval Candlehorns and Sconces","https://www.nexusmods.com/skyrimspecialedition/mods/24324"
"Stalhrim Source","https://www.nexusmods.com/skyrimspecialedition/mods/9447"
"All-Maker Stones HD Retexture","https://www.nexusmods.com/skyrimspecialedition/mods/34988"
"Cathedral - Mushrooms","https://www.nexusmods.com/skyrimspecialedition/mods/26103"
"Burned Book Retexture 4k - 2k","https://www.nexusmods.com/skyrimspecialedition/mods/37573"
"Skyrim Landscape Overhaul - Stone Walls","https://www.nexusmods.com/skyrim/mods/76359"
"ElSopa HD - Realistic Dark Elf Urns SE","https://www.nexusmods.com/skyrimspecialedition/mods/21717"
"Skyrim Remastered - Azura and Blackreach Crystals","https://www.nexusmods.com/skyrimspecialedition/mods/38371"
"Paintings Replacer for Legacy of the Dragonborn SSE","https://www.nexusmods.com/skyrimspecialedition/mods/13279"
"SD's Farmhouse Fences SE","https://www.nexusmods.com/skyrimspecialedition/mods/38912"
"HD Saw dust","https://www.nexusmods.com/skyrimspecialedition/mods/26577"
"WEBS S.E","https://www.nexusmods.com/skyrimspecialedition/mods/4873"
"Skyrim Remastered - Glaciers and Ice","https://www.nexusmods.com/skyrimspecialedition/mods/41432"
"Skyrim 3D Rocks","https://www.nexusmods.com/skyrimspecialedition/mods/17732"
"Word Wall Transparency Fix for ENB","https://www.nexusmods.com/skyrimspecialedition/mods/41463"
"Animated Forge Water","https://www.nexusmods.com/skyrimspecialedition/mods/52322"
"Ancient Dwemer Metal","https://www.nexusmods.com/skyrim/mods/75610"
"Legacy of The Dragonborn - SMIM Chests","https://www.nexusmods.com/skyrimspecialedition/mods/55720"
"Security Overhaul SKSE - Add-ons","https://www.nexusmods.com/skyrimspecialedition/mods/59529"
"Security Overhaul SKSE - Some More Locks","https://www.nexusmods.com/skyrimspecialedition/mods/59961"
"Graphics - Items_separator",""
"JS Circlet Replacer","https://www.nexusmods.com/skyrimspecialedition/mods/8686"
"JS Purses and Septims SE","https://www.nexusmods.com/skyrimspecialedition/mods/37306"
"RUSTIC ANIMATED POTIONS and POISONS","https://www.nexusmods.com/skyrimspecialedition/mods/2276"
"RUSTIC SOUL GEMS","https://www.nexusmods.com/skyrimspecialedition/mods/5785"
"RUSTIC AMULETS - Special Edition","https://www.nexusmods.com/skyrimspecialedition/mods/35485"
"2K Salts Retextured","https://www.nexusmods.com/skyrimspecialedition/mods/13981"
"HD Ruined Book Retexture 4k - 2k","https://www.nexusmods.com/skyrimspecialedition/mods/15742"
"HD Meshes and Textures for Animal and Creature Drops","https://www.nexusmods.com/skyrimspecialedition/mods/33791"
"ElSopa - HD Keys SE","https://www.nexusmods.com/skyrimspecialedition/mods/32707"
"ElSopa - Papers HD SE","https://www.nexusmods.com/skyrimspecialedition/mods/33422"
"Ebony Weapons 2017 Retexture","https://www.nexusmods.com/skyrimspecialedition/mods/30029"
"Better Wine Labels - Vanilla and Legacy of the Dragonborn","https://www.nexusmods.com/skyrimspecialedition/mods/34698"
"Remiros' Dawnbreaker HD","https://www.nexusmods.com/skyrimspecialedition/mods/22334"
"DragonStone Re-texture SE","https://www.nexusmods.com/skyrimspecialedition/mods/39478"
"Auriels Shield - HD Retexture","https://www.nexusmods.com/skyrim/mods/51148"
"HD Dragonborn Skull","https://www.nexusmods.com/skyrimspecialedition/mods/21917"
"Remiros' Ancient Falmer Armor HD","https://www.nexusmods.com/skyrimspecialedition/mods/22458"
"Outlandish Chitin Armour","https://www.nexusmods.com/skyrim/mods/70681"
"BLOODSTONE CHALICE REBORN","https://www.nexusmods.com/skyrim/mods/63551"
"Medieval Silverworks","https://www.nexusmods.com/skyrimspecialedition/mods/23938"
"Legacy of the Dragonborn - Fate Cards Re-texture - Skyrim Concept Art","https://www.nexusmods.com/skyrimspecialedition/mods/16080"
"Vigilant Armors and Weapons Retexture SE","https://www.nexusmods.com/skyrimspecialedition/mods/45735"
"Simple Dual Sheath","https://www.nexusmods.com/skyrimspecialedition/mods/50049"
"Cuyi's Campfire Backpacks","https://www.nexusmods.com/skyrimspecialedition/mods/49532"
"Legacy of The Dragonborn - Dwemer Compass Replacer","https://www.nexusmods.com/skyrimspecialedition/mods/55663"
"Graphics - Armor_separator",""
"Frankly HD Miraak [SSE]","https://www.nexusmods.com/skyrimspecialedition/mods/19699"
"Frankly HD Dawnguard Armor and Weapons","https://www.nexusmods.com/skyrimspecialedition/mods/19663"
"Frankly HD Shrouded Armor","https://www.nexusmods.com/skyrimspecialedition/mods/18785"
"Frankly HD Nightingale Armor and Weapons [SSE]","https://www.nexusmods.com/skyrimspecialedition/mods/18560"
"Frankly HD Masque of Clavicus Vile","https://www.nexusmods.com/skyrimspecialedition/mods/28565"
"Frankly HD Imperial Armor and Weapons","https://www.nexusmods.com/skyrimspecialedition/mods/20848"
"CC's UHD Stalhrim Weapons and Armor","https://www.nexusmods.com/skyrimspecialedition/mods/27205"
"Graphics - Weapons_separator",""
"LeanWolf's Better-Shaped Weapons - All in One Installer","https://www.nexusmods.com/skyrimspecialedition/mods/2017"
"Graphics - Artifacts_separator",""
"RUSTIC AZURA'S STAR - Special Edition","https://www.nexusmods.com/skyrimspecialedition/mods/18345"
"ArteFakes - Unique Artifacts Replacer","https://www.nexusmods.com/skyrimspecialedition/mods/41254"
"JS Barenziah SE","https://www.nexusmods.com/skyrimspecialedition/mods/22990"
"JS Dragon Claws SE","https://www.nexusmods.com/skyrimspecialedition/mods/1394"
"SavrenX Lux Weapons","https://www.nexusmods.com/skyrimspecialedition/mods/32667"
"Graphics - Lighting & Effects_separator",""
"Enhanced Lights and FX","https://www.nexusmods.com/skyrimspecialedition/mods/2424"
"Lux","https://www.nexusmods.com/skyrimspecialedition/mods/43158"
"ENB Light","https://www.nexusmods.com/skyrimspecialedition/mods/22574"
"Inferno - Fire Effects Redux","https://www.nexusmods.com/skyrimspecialedition/mods/29316"
"Arctic - Frost Effects Redux","https://www.nexusmods.com/skyrimspecialedition/mods/29817"
"Voltage","https://www.nexusmods.com/skyrimspecialedition/mods/15565"
"Embers XD","https://www.nexusmods.com/skyrimspecialedition/mods/37085"
"Dust Effects by HHaleyy","https://www.nexusmods.com/skyrimspecialedition/mods/2407"
"Lanterns Of Skyrim II","https://www.nexusmods.com/skyrimspecialedition/mods/30817"
"Lanterns Of Falskaar (Unofficial LOS II addon for Falskaar)","https://www.nexusmods.com/skyrimspecialedition/mods/43697"
"BetterFalmerCaveCeilingGlow","https://www.nexusmods.com/skyrimspecialedition/mods/17232"
"Volcanic Tundra - Heat Wave Effects","https://www.nexusmods.com/skyrimspecialedition/mods/13749"
"Bright Waterfall Fix for ENB","https://www.nexusmods.com/skyrimspecialedition/mods/37956"
"Improved Weapon Impact EFFECTS Correct Metal SE","https://www.nexusmods.com/skyrimspecialedition/mods/8936"
"ElSopa HD - Dirt Blast SE","https://www.nexusmods.com/skyrimspecialedition/mods/22342"
"Holy Wards - a retexture","https://www.nexusmods.com/skyrimspecialedition/mods/18535"
"Deadly Spell Impacts","https://www.nexusmods.com/skyrimspecialedition/mods/12939"
"NPCs - Followers_separator",""
"Garm the Husky Companion SE","https://www.nexusmods.com/skyrimspecialedition/mods/717"
"INIGO","https://www.nexusmods.com/skyrimspecialedition/mods/1461"
"Lucien - Immersive Fully Voiced Male Follower","https://www.nexusmods.com/skyrimspecialedition/mods/20035"
"Mirai - the Girl with the Dragon Heart (Skyrim Special Edition)","https://www.nexusmods.com/skyrimspecialedition/mods/10908"
"S'hani the Grey - A standalone Khajiit Follower","https://www.nexusmods.com/skyrimspecialedition/mods/26935"
"Hoth","https://www.nexusmods.com/skyrimspecialedition/mods/16137"
"Real Warrior Woman","https://www.nexusmods.com/skyrimspecialedition/mods/17786"
"Companions and Followers SE","https://www.nexusmods.com/skyrimspecialedition/mods/719"
"Nord Brothers Followers - SSE - with SOS compatibility versions","https://www.nexusmods.com/skyrimspecialedition/mods/11106"
"Nykal the master vampire - a standalone follower mod","https://www.nexusmods.com/skyrimspecialedition/mods/10052"
"Khajiit Will Follow","https://www.nexusmods.com/skyrimspecialedition/mods/2227"
"Cerri Steelfist- Sword and Shield Follower","https://www.nexusmods.com/skyrimspecialedition/mods/44199"
"Song of the Green (Auri Follower)","https://www.nexusmods.com/skyrimspecialedition/mods/11278"
"Shirley - A Skyrim Follower Mod","https://www.nexusmods.com/skyrimspecialedition/mods/45956"
"Gladys the Corgi - A Custom Dog Follower Mod","https://www.nexusmods.com/skyrimspecialedition/mods/50164"
"Merlin the Corgi - A Magical Dog Follower Mod","https://www.nexusmods.com/skyrimspecialedition/mods/56433"
"Brhuce Hammar Legacy - Special Edition","https://www.nexusmods.com/skyrimspecialedition/mods/47605"
"NPCs - Follower Visual Overhaul_separator",""
"True Meeko SE","https://www.nexusmods.com/skyrimspecialedition/mods/12193"
"Mirai Replacer","https://www.nexusmods.com/skyrimspecialedition/mods/36278"
"Mirai Bodyslides - CBBE","https://www.nexusmods.com/skyrimspecialedition/mods/20306"
"Lucien Replacer - Ella's Version","https://www.nexusmods.com/skyrimspecialedition/mods/34827"
"High-Poly Inigo Replacer","https://www.nexusmods.com/skyrimspecialedition/mods/38860"
"Alternate Auri - Appearance and Abode Overhaul","https://www.nexusmods.com/skyrimspecialedition/mods/47806"
"NPCs - Visual Overhaul_separator",""
"Total Character Makeover","https://www.nexusmods.com/skyrimspecialedition/mods/1037"
"Gman749's Ladies Of Solitude and Dragon Bridge - SSE - Default body - UNP or CBBE Textures","https://www.nexusmods.com/skyrimspecialedition/mods/23343"
"Metalsabers Beautiful Orcs of Skyrim","https://www.nexusmods.com/skyrimspecialedition/mods/22025"
"Jampion NPCs - Male NPC Overhaul","https://www.nexusmods.com/skyrimspecialedition/mods/35352"
"The Ordinary Women SSE","https://www.nexusmods.com/skyrimspecialedition/mods/12376"
"Fresh Faces - SSE","https://www.nexusmods.com/skyrimspecialedition/mods/13789"
"Kalilies NPCs","https://www.nexusmods.com/skyrimspecialedition/mods/30247"
"Pandorable's NPCs","https://www.nexusmods.com/skyrimspecialedition/mods/19012"
"Pandorable's NPCs - Dawnguard","https://www.nexusmods.com/skyrimspecialedition/mods/24135"
"Pandorable's NPCs - Dragonborn","https://www.nexusmods.com/skyrimspecialedition/mods/30680"
"Pandorable's Frea and Frida","https://www.nexusmods.com/skyrimspecialedition/mods/31273"
"Pride of Skyrim All-In-One","https://www.nexusmods.com/skyrimspecialedition/mods/48904"
"Northbourne NPCs of Riverwood","https://www.nexusmods.com/skyrimspecialedition/mods/33541"
"Northbourne NPCs of Whiterun Hold","https://www.nexusmods.com/skyrimspecialedition/mods/35404"
"Northbourne NPCs of Falkreath Hold","https://www.nexusmods.com/skyrimspecialedition/mods/37528"
"Seranaholic by rxkx22 - SSE - Default Body Meshes - UNP and CBBE 4k Textures","https://www.nexusmods.com/skyrimspecialedition/mods/13027"
"RS Children Overhaul","https://www.nexusmods.com/skyrimspecialedition/mods/2650"
"Realistic RS Children Overhaul","https://www.nexusmods.com/skyrimspecialedition/mods/39359"
"The Ordinary Women - Salt and Wind Textures SE","https://www.nexusmods.com/skyrimspecialedition/mods/17177"
"Pandorable's NPCs SE - Salt and Wind Textures","https://www.nexusmods.com/skyrimspecialedition/mods/19450"
"Pandorable's NPCs Dawnguard SE - Salt and Wind Textures","https://www.nexusmods.com/skyrimspecialedition/mods/25439"
"Pandorable's NPCs - Dragonborn - Salt and Wind Textures","https://www.nexusmods.com/skyrimspecialedition/mods/37920"
"Vigilant - NPC Overhaul","https://www.nexusmods.com/skyrimspecialedition/mods/22146"
"NPCs - Creature Additions_separator",""
"Animallica SE - Skyrim Wildlife Overhaul","https://www.nexusmods.com/skyrimspecialedition/mods/20456"
"Animallica - Lore Edition Redux SE","https://www.nexusmods.com/skyrimspecialedition/mods/31018"
"Toccata Follower SE (With Elisif Replacer Option)","https://www.nexusmods.com/skyrimspecialedition/mods/12713"
"Diverse Dragons Collection SE (DDCse)","https://www.nexusmods.com/skyrimspecialedition/mods/695"
"Splendor - Dragon Variants SE","https://www.nexusmods.com/skyrimspecialedition/mods/9670"
"NPCs - Additions_separator",""
"Interesting NPCs SE (3DNPC)","https://www.nexusmods.com/skyrimspecialedition/mods/29194"
"Cuyima Interesting NPCs SE","https://www.nexusmods.com/skyrimspecialedition/mods/27330"
"Interesting NPCs Visual Overhaul","https://www.nexusmods.com/skyrimspecialedition/mods/40046"
"FAR - Forgotten Argonian Roots","https://www.nexusmods.com/skyrimspecialedition/mods/1704"
"Inconsequential NPCs","https://www.nexusmods.com/skyrim/mods/36334"
"Inconsequential NPC SE",""
"SSE Organic Factions","https://www.nexusmods.com/skyrimspecialedition/mods/10289"
"SSE Enhanced AI Framework","https://www.nexusmods.com/skyrimspecialedition/mods/10274"
"SSE Organic Factions Extension","https://www.nexusmods.com/skyrimspecialedition/mods/25471"
"Immersive Patrols SE","https://www.nexusmods.com/skyrimspecialedition/mods/718"
"Man Those Borders Reborn","https://www.nexusmods.com/skyrimspecialedition/mods/29502"
"Citizens of Tamriel SE","https://www.nexusmods.com/skyrimspecialedition/mods/29069"
"Populated Solstheim SE","https://www.nexusmods.com/skyrimspecialedition/mods/29452"
"OBIS SE - Organized Bandits In Skyrim Special Edition","https://www.nexusmods.com/skyrimspecialedition/mods/4145"
"Increased Enemy Spawns SSE No Scripts","https://www.nexusmods.com/skyrimspecialedition/mods/2470"
"NPCs - Behaviors & AI_separator",""
"SkyTEST - Realistic Animals and Predators SE","https://www.nexusmods.com/skyrimspecialedition/mods/1104"
"Nether's Follower Framework","https://www.nexusmods.com/skyrimspecialedition/mods/18076"
"AI Overhaul SSE","https://www.nexusmods.com/skyrimspecialedition/mods/21654"
"Convenient Horses","https://www.nexusmods.com/skyrimspecialedition/mods/9519"
"Serana Dialogue Add-On","https://www.nexusmods.com/skyrimspecialedition/mods/32161"
"HUD & UI_separator",""
"RaceMenu","https://www.nexusmods.com/skyrimspecialedition/mods/19080"
"JS Lockpicking UI SE","https://www.nexusmods.com/skyrimspecialedition/mods/22160"
"Main Menu Design Replacer - Multilanguage - 60 FPS","https://www.nexusmods.com/skyrimspecialedition/mods/30810"
"Dramatic Main Menu","https://www.nexusmods.com/skyrimspecialedition/mods/24187"
"Configurable Real Names for SSE","https://www.nexusmods.com/skyrimspecialedition/mods/17827"
"Extended UI","https://www.nexusmods.com/skyrim/mods/57873"
"SSIRT v4.1","https://www.nexusmods.com/skyrimspecialedition/mods/1523"
"moreHUD SE","https://www.nexusmods.com/skyrimspecialedition/mods/12688"
"moreHUD Inventory Edition","https://www.nexusmods.com/skyrimspecialedition/mods/18619"
"A Matter of Time - A HUD clock widget","https://www.nexusmods.com/skyrimspecialedition/mods/12937"
"Immersive HUD - iHUD Special Edition","https://www.nexusmods.com/skyrimspecialedition/mods/12440"
"Less Intrusive HUD II SE","https://www.nexusmods.com/skyrimspecialedition/mods/17974"
"Map Markers Complete with DLC and OCS","https://www.nexusmods.com/skyrimspecialedition/mods/4138"
"SmoothCam","https://www.nexusmods.com/skyrimspecialedition/mods/41252"
"SmoothCam - Modern Camera Preset","https://www.nexusmods.com/skyrimspecialedition/mods/41636"
"SmoothCam - EasyEase Preset","https://www.nexusmods.com/skyrimspecialedition/mods/41395"
"SmoothCam - Octavian's Preset","https://www.nexusmods.com/skyrimspecialedition/mods/43927"
"GuitarthVader's Cinematic Skyrim - A SmoothCam Preset","https://www.nexusmods.com/skyrimspecialedition/mods/45800"
"Smaller Vanilla Cursors","https://www.nexusmods.com/skyrimspecialedition/mods/20617"
"Font Overhaul - Natural Typefaces for Skyrim (FONTS)","https://www.nexusmods.com/skyrimspecialedition/mods/2880"
"Security Overhaul SKSE - Lock Variations","https://www.nexusmods.com/skyrimspecialedition/mods/58224"
"Pelinal SE - Neat Font Replacer","https://www.nexusmods.com/skyrimspecialedition/mods/61264"
"Bodies, Faces, Hair_separator",""
"High Poly Head SE",""
"KS Hairdos SSE","https://www.nexusmods.com/skyrimspecialedition/mods/6817"
"Salt and Wind - Rough Hair for KS Hairdos SE","https://www.nexusmods.com/skyrimspecialedition/mods/16582"
"High Poly Vanilla Hair","https://www.nexusmods.com/skyrimspecialedition/mods/41863"
"Travellers of Skyrim - Travelers SSE","https://www.nexusmods.com/skyrimspecialedition/mods/1973"
"Caliente's Beautiful Bodies Enhancer -CBBE-","https://www.nexusmods.com/skyrimspecialedition/mods/198"
"CBBE Vanilla Armors - No Rim Lighting","https://www.nexusmods.com/skyrimspecialedition/mods/59268"
"Pride of Valhalla - Super HD Skin Set for UNP-UNPB-7B-CBBE","https://www.nexusmods.com/skyrimspecialedition/mods/682"
"Tempered Skins for Males - Dressed Version","https://www.nexusmods.com/skyrimspecialedition/mods/7902"
"Argonian Improvements SSE - Horns","https://www.nexusmods.com/skyrimspecialedition/mods/6104"
"Masculine Khajiit Textures (Grey Cat and Leopard)","https://www.nexusmods.com/skyrimspecialedition/mods/186"
"Feminine Khajiit Textures (Grey Cat and Leopard) [CBBE]","https://www.nexusmods.com/skyrimspecialedition/mods/183"
"Mild Complexions","https://www.nexusmods.com/skyrimspecialedition/mods/28510"
"Skin Feature Overlays SE - Freckles Scars Birthmarks Stretch Marks Moles and More for Face and Body RaceMenu Overlays","https://www.nexusmods.com/skyrimspecialedition/mods/20183"
"Female Makeup Suite - Face - RaceMenu Overlays of Eyeliner EyeShadow Contours and Highlights - Special Edition","https://www.nexusmods.com/skyrimspecialedition/mods/24495"
"High Quality Tintmasks for Vanilla NPCs - BSA","https://www.nexusmods.com/skyrimspecialedition/mods/18360"
"Community Overlays 1 (0-30) Bodypaints Warpaints Tattoos and more made for the Community (Special Edition)","https://www.nexusmods.com/skyrimspecialedition/mods/22487"
"Community Overlays 2 (31-50) Bodypaints Warpaints Tattoos and more made for the Community (Special Edition)","https://www.nexusmods.com/skyrimspecialedition/mods/26224"
"Community Overlay 3 (51- 70) Bodypaints Warpaints and Tattoos","https://www.nexusmods.com/skyrimspecialedition/mods/35339"
"Northborn Scars","https://www.nexusmods.com/skyrimspecialedition/mods/720"
"Barbarian Bodypaints - Racemenu Body and Head Overlays for UUNP CBBE and Males","https://www.nexusmods.com/skyrimspecialedition/mods/31826"
"Wolfpaint - Face - Facepaint Collection for Racemenu Overlays","https://www.nexusmods.com/skyrimspecialedition/mods/30255"
"Weathered Nordic Bodypaints -Special Edition- RaceMenu Overlays and Warpaints","https://www.nexusmods.com/skyrimspecialedition/mods/19594"
"Sakora's Make Over Kit ESL - SKSE64","https://www.nexusmods.com/skyrimspecialedition/mods/22169"
"Dragon Age Dalish Vallaslin Face Tattoo's for Racemenu SE","https://www.nexusmods.com/skyrimspecialedition/mods/19942"
"Shep's Tattoo Collection SE","https://www.nexusmods.com/skyrimspecialedition/mods/22636"
"Vanilla Warpaints Absolution","https://www.nexusmods.com/skyrimspecialedition/mods/20751"
"The Eyes Of Beauty SSE","https://www.nexusmods.com/skyrimspecialedition/mods/16185"
"Kala's Eyes","https://www.nexusmods.com/skyrimspecialedition/mods/29895"
"Eyes AO Clipping Fix","https://www.nexusmods.com/skyrimspecialedition/mods/25753"
"Eye Normal Map Fix SSE","https://www.nexusmods.com/skyrimspecialedition/mods/5445"
"Hvergelmir's Aesthetics - Brows","https://www.nexusmods.com/skyrimspecialedition/mods/1062"
"The Art of Beard - New Facial Hairs","https://www.nexusmods.com/skyrimspecialedition/mods/9181"
"Kyoe's Bang'n Brows","https://www.nexusmods.com/skyrimspecialedition/mods/13630"
"Hvergelmir's Aesthetics - Beards","https://www.nexusmods.com/skyrimspecialedition/mods/1067"
"Beards of Power","https://www.nexusmods.com/skyrimspecialedition/mods/42635"
"BeastHHBB - Beast Hair Horn Beard and Brow","https://www.nexusmods.com/skyrimspecialedition/mods/38480"
"LS3 Community Presets",""
"Realistic Natural Skin Tones ESL","https://www.nexusmods.com/skyrimspecialedition/mods/55198"
"Kalilies Brows","https://www.nexusmods.com/skyrimspecialedition/mods/40595"
"Audio_separator",""
"Unofficial High Definition Audio Project","https://www.nexusmods.com/skyrimspecialedition/mods/18115"
"Lucidity Sound FX SSE","https://www.nexusmods.com/skyrimspecialedition/mods/1841"
"Yggdrasil Music and SoundFX","https://www.nexusmods.com/skyrimspecialedition/mods/21578"
"Immersive Sounds - Compendium","https://www.nexusmods.com/skyrimspecialedition/mods/523"
"Audio Overhaul for Skyrim SE","https://www.nexusmods.com/skyrimspecialedition/mods/12466"
"Reverb and Ambiance Overhaul","https://www.nexusmods.com/skyrimspecialedition/mods/701"
"VIGILANT Voiced - English Addon","https://www.nexusmods.com/skyrimspecialedition/mods/11894"
"Realistic Husky Sounds SSE","https://www.nexusmods.com/skyrimspecialedition/mods/11038"
"The Elder Scrolls Theme Mashup - A Main Menu Music Replacer","https://www.nexusmods.com/skyrimspecialedition/mods/15968"
"Celtic Music in Skyrim - SE","https://www.nexusmods.com/skyrimspecialedition/mods/2980"
"Immersive Music","https://www.nexusmods.com/skyrimspecialedition/mods/16402"
"IHSS - Improved Horse Step Sounds","https://www.nexusmods.com/skyrimspecialedition/mods/848"
"Sound Hammering Sounds","https://www.nexusmods.com/skyrimspecialedition/mods/5592"
"Meridia Revoiced SE","https://www.nexusmods.com/skyrimspecialedition/mods/32014"
"BA Bard Songs","https://www.nexusmods.com/skyrimspecialedition/mods/47202"
"Guard Dialogue Overhaul SE","https://www.nexusmods.com/skyrimspecialedition/mods/22075"
"LS2 Music Selection",""
"Animations_separator",""
"Nemesis",""
"The Ultimate Dodge Mod",""
"Expressive Facegen Morphs SE","https://www.nexusmods.com/skyrimspecialedition/mods/35785"
"Expressive Facial Animation -Male Edition-","https://www.nexusmods.com/skyrimspecialedition/mods/19532"
"Dragon Animation Replace in Special Edition","https://www.nexusmods.com/skyrimspecialedition/mods/2163"
"Visual Animated Enchants - VAE","https://www.nexusmods.com/skyrimspecialedition/mods/7037"
"QRVAE - Qwinn's Refined Visual Animated Enchants","https://www.nexusmods.com/skyrimspecialedition/mods/24665"
"No Spinning Death Animation","https://www.nexusmods.com/skyrimspecialedition/mods/1432"
"Leviathan Animations - Male Idle Walk And Run","https://www.nexusmods.com/skyrimspecialedition/mods/42590"
"Leviathan Animations - Female Idle Walk And Run","https://www.nexusmods.com/skyrimspecialedition/mods/42204"
"Smooth Combat Animation by Race",""
"Smooth Random Blocking Animation","https://www.nexusmods.com/skyrimspecialedition/mods/44390"
"Smooth Random Sprint Animation","https://www.nexusmods.com/skyrimspecialedition/mods/46193"
"Smooth Magic Casting Animation","https://www.nexusmods.com/skyrimspecialedition/mods/45799"
"Smooth Random Magic idle Animation","https://www.nexusmods.com/skyrimspecialedition/mods/49853"
"Smooth Combat Non Combat Animation","https://www.nexusmods.com/skyrimspecialedition/mods/45221"
"Smooth Staff Animation","https://www.nexusmods.com/skyrimspecialedition/mods/54883"
"DAR - Dynamic Swimming","https://www.nexusmods.com/skyrimspecialedition/mods/34853"
"Diverse Random Normal Attack","https://www.nexusmods.com/skyrimspecialedition/mods/40415"
"Weapon Animation (Dawnbreaker)","https://www.nexusmods.com/skyrimspecialedition/mods/52128"
"Weapon Animation (Volendrung)","https://www.nexusmods.com/skyrimspecialedition/mods/51908"
"Weapon Animation (Skull of Corruption)","https://www.nexusmods.com/skyrimspecialedition/mods/52389"
"Weapon Animation (Miraak's Sword)","https://www.nexusmods.com/skyrimspecialedition/mods/52390"
"Weapon Animation (Chillrend)","https://www.nexusmods.com/skyrimspecialedition/mods/52526"
"Weapon Animation (Mace of Molag Bal)","https://www.nexusmods.com/skyrimspecialedition/mods/51700"
"Weapon Animation (The Staff of Magnus)","https://www.nexusmods.com/skyrimspecialedition/mods/51691"
"Easter Eggs_separator",""
"Easter Egg 1","https://www.nexusmods.com/skyrimspecialedition/mods/27272"
"Easter Egg 2","https://www.nexusmods.com/skyrimspecialedition/mods/23963"
"Easter Egg 3","https://www.nexusmods.com/skyrimspecialedition/mods/6386"
"Patches_separator",""
"Audio Overhaul - Immersive Sounds Integration (AOS - ISC Compatibility Patch)","https://www.nexusmods.com/skyrimspecialedition/mods/36761"
"Obsidian Weathers - True Storms Patch","https://www.nexusmods.com/skyrimspecialedition/mods/17198"
"SkyTEST Integration Project SE","https://www.nexusmods.com/skyrimspecialedition/mods/13428"
"Immersive Fallen Trees Patch","https://www.nexusmods.com/skyrimspecialedition/mods/27834"
"The Great Town of Ivarstead Patch Collection","https://www.nexusmods.com/skyrimspecialedition/mods/36380"
"The Great Town of Karthwasten Patch Collection","https://www.nexusmods.com/skyrimspecialedition/mods/37471"
"The Great Village of Old Hroldan Patch Collection","https://www.nexusmods.com/skyrimspecialedition/mods/37650"
"The Great Village of Mixwater Mill Patch Collection","https://www.nexusmods.com/skyrimspecialedition/mods/37414"
"The Great Town of Shor's Stone Patch Collection","https://www.nexusmods.com/skyrimspecialedition/mods/36462"
"The Great Village of Kynesgrove Patch Collection","https://www.nexusmods.com/skyrimspecialedition/mods/42957"
"Opulent Thieves Guild Patch Collection","https://www.nexusmods.com/skyrimspecialedition/mods/35261"
"UVCPC - Umgak's Vokrii Compatibility Patch Compendium","https://www.nexusmods.com/skyrimspecialedition/mods/26278"
"JK's Skyrim and Missives Compatibility Patch","https://www.nexusmods.com/skyrimspecialedition/mods/22380"
"Missives - Worldspace Additions","https://www.nexusmods.com/skyrimspecialedition/mods/26788"
"Missives - The Witcher Board HD","https://www.nexusmods.com/skyrimspecialedition/mods/47097"
"Missives - Notes Retexture","https://www.nexusmods.com/skyrimspecialedition/mods/46201"
"Unofficial Moonpath to Elsweyr Patch","https://www.nexusmods.com/skyrimspecialedition/mods/15882"
"Moonpath to Elsweyr Sky and Lightning fix","https://www.nexusmods.com/skyrimspecialedition/mods/18683"
"The Gray Cowl of Nocturnal SE - Addons and Patches","https://www.nexusmods.com/skyrimspecialedition/mods/19724"
"Falskaar - Addons and Patches","https://www.nexusmods.com/skyrimspecialedition/mods/19454"
"RS Children Overhaul Falskaar Patch","https://www.nexusmods.com/skyrimspecialedition/mods/8745"
"Falskaar - Temper Recipes","https://www.nexusmods.com/skyrimspecialedition/mods/18401"
"Deadly Dragons and Splendor Dragon Variants SE (PATCH)","https://www.nexusmods.com/skyrimspecialedition/mods/24933"
"Blackreach Railroad - Aethernautics Connection","https://www.nexusmods.com/skyrimspecialedition/mods/435"
"Blackreach Railroad - Brhuce Hammar Connection","https://www.nexusmods.com/skyrimspecialedition/mods/435"
"Legacy of the Dragonborn - Volkihar Knight Patch","https://www.nexusmods.com/skyrimspecialedition/mods/38546"
"Legacy of the Dragonborn - Followers Patch (Inigo-Auri-Kaidan-M'rissi)","https://www.nexusmods.com/skyrimspecialedition/mods/40816"
"Legacy of the Dragonborn - Shirley Follower Display Patch","https://www.nexusmods.com/skyrimspecialedition/mods/49438"
"Legacy of the Dragonborn Patches (Official)","https://www.nexusmods.com/skyrimspecialedition/mods/30980"
"Legacy of the Dragonborn SSE - The Curators Companion","https://www.nexusmods.com/skyrimspecialedition/mods/38529"
"Legacy of the Dragonborn - Interesting NPCs Patch","https://www.nexusmods.com/skyrimspecialedition/mods/39834"
"Legacy of the Dragonborn - Blackreach Railroad unofficial patch","https://www.nexusmods.com/skyrimspecialedition/mods/45219"
"Legacy of the Dragonborn - Blackreach Railroad unofficial patch - TCC Patch","https://www.nexusmods.com/skyrimspecialedition/mods/45219"
"Unofficial Identity Crisis LotD Patch","https://www.nexusmods.com/skyrimspecialedition/mods/41422"
"Unofficial Identity Crisis LotD Patch - TCC Patch","https://www.nexusmods.com/skyrimspecialedition/mods/41422"
"Unofficial Legacy of the Dragonborn and Beyond Skyrim Bruma Synergy Patch","https://www.nexusmods.com/skyrimspecialedition/mods/36074"
"Unofficial Legacy of the Dragonborn and Beyond Skyrim Bruma Synergy Patch - TCC Patch","https://www.nexusmods.com/skyrimspecialedition/mods/36074"
"Leaps of Faith - A Misc Quest - LOTD Patch","https://www.nexusmods.com/skyrimspecialedition/mods/53074"
"JKs Skyrim - AI Overhaul SSE Patch","https://www.nexusmods.com/skyrimspecialedition/mods/34194"
"NordWarUA's Vanilla Armor Replacers SSE - Missing Ancient Nord Armor Texture Patch","https://www.nexusmods.com/skyrimspecialedition/mods/42885"
"The Tools of Kagrenac - Aetherium Armor and Weapons Compilation Patch","https://www.nexusmods.com/skyrimspecialedition/mods/14168"
"Teldryn Serious Patch","https://www.nexusmods.com/skyrimspecialedition/mods/32415"
"Identity Crisis - Wintersun Patch","https://www.nexusmods.com/skyrimspecialedition/mods/39634"
"Identity Crisis - BS Bruma Patch","https://www.nexusmods.com/skyrimspecialedition/mods/39634"
"Some Additional Hearthfire Dolls Patches - Opulent Thieves Guild","https://www.nexusmods.com/skyrimspecialedition/mods/49757"
"Bruma and Other Patches for Convenient Horses","https://www.nexusmods.com/skyrimspecialedition/mods/13812"
"JK's Interiors Patch Collection","https://www.nexusmods.com/skyrimspecialedition/mods/35910"
"RS Children Patch Compendium","https://www.nexusmods.com/skyrimspecialedition/mods/13409"
"Growl-Mortal Enemies Patch","https://www.nexusmods.com/skyrimspecialedition/mods/31270"
"ENB Helper SE","https://www.nexusmods.com/skyrimspecialedition/mods/23174"
"Obsidian Weathers - Vigilant Integration","https://www.nexusmods.com/skyrimspecialedition/mods/24357"
"Circlet USSEP Fixes","https://www.nexusmods.com/skyrimspecialedition/mods/35576"
"kryptopyr's Automated Patches","https://www.nexusmods.com/skyrimspecialedition/mods/19518"
"RS Children-Citizens of Tamriel SE-Patch","https://www.nexusmods.com/skyrimspecialedition/mods/29090"
"Vigilant CBBE Patch","https://www.nexusmods.com/skyrimspecialedition/mods/43676"
"Arbor Philosophorum - Alchemy Perk Tree for CACO and Vokrii","https://www.nexusmods.com/skyrimspecialedition/mods/48478"
"Adjusted Visual Animated Enchants (AVAE)","https://www.nexusmods.com/skyrimspecialedition/mods/50382"
"QUASIPC - Qwinn's Unified Automated Self Installing Patch Compendium","https://www.nexusmods.com/skyrimspecialedition/mods/18369"
"Organic Factions Extension - Patch Collection","https://www.nexusmods.com/skyrimspecialedition/mods/54082"
"Pugilist Experience Patch",""
"Spell Tutor Exceptions Patch",""
"Amulets of Skyrim - Desecrated Amulet of Auriel Patch for Sacrosanct and Sacrilege","https://www.nexusmods.com/skyrimspecialedition/mods/55032"
"Majestic Bruma Mountains - MM 3.x Beyond Skyrim Bruma Compatiblity Patch","https://www.nexusmods.com/skyrimspecialedition/mods/53152"
"eFPS - Official Patch Hub","https://www.nexusmods.com/skyrimspecialedition/mods/54998"
"Alternate Perspective - Helgen Reborn Patch","https://www.nexusmods.com/skyrimspecialedition/mods/55871"
"JK's Skyrim AIO patch","https://www.nexusmods.com/skyrimspecialedition/mods/40094"
"Legacy of the Dragonborn - Alternate Perspective Patch","https://www.nexusmods.com/skyrimspecialedition/mods/58764"
"Fixes_separator",""
"The Forgotten City - No Audiobooks","https://www.nexusmods.com/skyrim/mods/83593"
"Skyrim Landscape and Water Fixes","https://www.nexusmods.com/skyrimspecialedition/mods/26138"
"NPC's Run and Walk at Your Pace","https://www.nexusmods.com/skyrimspecialedition/mods/2482"
"Butterflies Land True","https://www.nexusmods.com/skyrimspecialedition/mods/29434"
"Interesting NPCs - Zora Fair-Child voice enhanced","https://www.nexusmods.com/skyrimspecialedition/mods/27448"
"Rude Imperial Soldiers Escort Prisoner fix","https://www.nexusmods.com/skyrimspecialedition/mods/894"
"No BS AI Projectile Dodge (Magic and Arrows) - Immersive Projectiles Nondetection of Enemies","https://www.nexusmods.com/skyrimspecialedition/mods/1763"
"Velexia's Animals are not Monsters SE","https://www.nexusmods.com/skyrimspecialedition/mods/32133"
"Tavern AI fix","https://www.nexusmods.com/skyrimspecialedition/mods/23107"
"Protect your People - PyP - Better NPC Protection SE","https://www.nexusmods.com/skyrimspecialedition/mods/10297"
"No Grass In Objects","https://www.nexusmods.com/skyrimspecialedition/mods/42161"
"Serana Dialogue Edit - Skyrim Special Edition","https://www.nexusmods.com/skyrimspecialedition/mods/16222"
"Project AHO - Start when You want","https://www.nexusmods.com/skyrimspecialedition/mods/21386"
"I'm Walkin' Here","https://www.nexusmods.com/skyrimspecialedition/mods/27742"
"Landscape Fixes For Grass Mods","https://www.nexusmods.com/skyrimspecialedition/mods/9005"
"Unofficial Project AHO - Bugfix and Improvement Patch","https://www.nexusmods.com/skyrimspecialedition/mods/41751"
"Royal Armory Tweaks and Fixes","https://www.nexusmods.com/skyrimspecialedition/mods/26398"
"Aetherium Ore Respawns","https://www.nexusmods.com/skyrimspecialedition/mods/31416"
"Aetherium Ore Respawns - Shield Menu Mesh Fix","https://www.nexusmods.com/skyrimspecialedition/mods/31416"
"RS Children Overhaul - Patch Compendium - Shiny hair texture fix","https://www.nexusmods.com/skyrimspecialedition/mods/38091"
"Majestic Mountains - Mesh Tangent Space Fixes","https://www.nexusmods.com/skyrimspecialedition/mods/48574"
"Vigilant - Covered Female Robes","https://www.nexusmods.com/skyrimspecialedition/mods/44883"
"Skeletons don't breathe SSE","https://www.nexusmods.com/skyrimspecialedition/mods/18542"
"No Silly Physics Damage - Carts Pots Bones etc","https://www.nexusmods.com/skyrimspecialedition/mods/36132"
"Curator's Companion Fixed Script",""
"Civil War intro scenes run only once","https://www.nexusmods.com/skyrimspecialedition/mods/22028"
"Rudy's Fog Fix",""
"Attack Speed Framework","https://www.nexusmods.com/skyrimspecialedition/mods/10741"
"The Ultimate Dodge Mod - Script Fixes","https://www.nexusmods.com/skyrimspecialedition/mods/54953"
"Obscure's College of Winterhold NPC Stuck in Staircase Fix","https://www.nexusmods.com/skyrimspecialedition/mods/53713"
"High Hrothgar Fixed","https://www.nexusmods.com/skyrimspecialedition/mods/55254"
"Scrambled Bugs","https://www.nexusmods.com/skyrimspecialedition/mods/43532"
"Amulets of Skyrim - Tweaks and Fixes","https://www.nexusmods.com/skyrimspecialedition/mods/31814"
"No more Radial Blur - Performance optimization","https://www.nexusmods.com/skyrimspecialedition/mods/1265"
"High Gate Ruins Puzzle Reset Fix","https://www.nexusmods.com/skyrimspecialedition/mods/53643"
"Labyrinthian Shalidor's Maze Fixes","https://www.nexusmods.com/skyrimspecialedition/mods/52239"
"College of Winterhold Quest Start Fixes","https://www.nexusmods.com/skyrimspecialedition/mods/53817"
"FUS RO DON'T - PushActorAway Crash Prevention Script Tweak","https://www.nexusmods.com/skyrimspecialedition/mods/57816"
"Falskaar - Lost Knowledge Quest Fix","https://www.nexusmods.com/skyrimspecialedition/mods/61445"
"Merges_separator",""
"NPC VO Merged",""
"Faces Merged",""
"Followers Merged",""
"Patches & Fixes Merged",""
"Graphics Merged",""
"Easter Eggs Merged",""
"Craft & Find Items Merged",""
"Late Loaders_separator",""
"Moonpath Stuck Combat Music Fix","https://www.nexusmods.com/skyrimspecialedition/mods/37492"
"LS3 Patches",""
"LS3 Patches Merged",""
"LS3 Gear and Crafting Consistency Patch",""
"Address Library for SKSE Plugins","https://www.nexusmods.com/skyrimspecialedition/mods/32444"
"NORDIC UI - Interface Overhaul","https://www.nexusmods.com/skyrimspecialedition/mods/49881"
"NORDIC UI - Miscellaneous Patches","https://www.nexusmods.com/skyrimspecialedition/mods/54102"
"Miscellaneous Merged","https://www.nexusmods.com/skyrimspecialedition/mods/2345"
"LS3 MCM Automation (By Xanza)",""
"LS3 Script Fixes",""
"SKSE64 ini pre-download for lazy users","https://www.nexusmods.com/skyrimspecialedition/mods/1651"
"XP32 Maximum Skeleton Special Extended","https://www.nexusmods.com/skyrimspecialedition/mods/1988"
"More Informative Console","https://www.nexusmods.com/skyrimspecialedition/mods/19250"
"Flat Map Markers SSE","https://www.nexusmods.com/skyrimspecialedition/mods/22122"
"Flat Map Markers Config File for all FWMF maps","https://www.nexusmods.com/skyrimspecialedition/mods/55025"
"Configuration Specific_separator",""
"QuickLootRE",""
"NORDIC UI - QuickLoot Retexture","https://www.nexusmods.com/skyrimspecialedition/mods/49881"
"Nordic UI Ultrawide 21 by 9 Patch","https://www.nexusmods.com/skyrimspecialedition/mods/53909"
"Nordic UI Ultrawide 32 by 9 Patch","https://www.nexusmods.com/skyrimspecialedition/mods/53909"
"Gamepad++","https://www.nexusmods.com/skyrimspecialedition/mods/27007"
"Immersive Sounds - Compendium Re-Add Nirnroot Sounds","https://www.nexusmods.com/skyrimspecialedition/mods/523"
"Even Later Loaders_separator",""
"Nordic UI - Less Intrusive Hud II Patch","https://www.nexusmods.com/skyrimspecialedition/mods/54519"
"Overwrites_separator",""
"FISSES Outputs",""
"SSEEditCache + ESP Backups",""
"zEdit - Overwrite",""
"BodyslideOutfitStudio - Overwrite",""
"Nifskope - Overwrite",""
"Mator Smash - Overwrite",""
"WryeBash - Overwrite",""
"Synthesis Output",""
"Files Generated during playsessions launched with SKSE",""
"Nemesis Output",""
"LS3 Grass Cache",""
"SSELODGen Output",""
"TexGen Output",""
"DynDOLOD Output",""
"Occlusion Output",""
"Flat World Map Framework_separator",""
"Flat World Map Framework SE - Unmarked Clean Map 4K","https://www.nexusmods.com/skyrimspecialedition/mods/29932"
"Unmarked Map by CKW25","https://www.nexusmods.com/skyrimspecialedition/mods/54710"
"AIO Duncan's Paper Maps for FWMF","https://www.nexusmods.com/skyrimspecialedition/mods/55025"
"Paper Sovngarde Map for FWMF","https://www.nexusmods.com/skyrimspecialedition/mods/54255"
"Blackreach Paper Map for FWMF","https://www.nexusmods.com/skyrimspecialedition/mods/53878"
"Paper Forgotten Vale Map for FWMF","https://www.nexusmods.com/skyrimspecialedition/mods/54628"
"Soul Cairn Old Paper Map for FWMF","https://www.nexusmods.com/skyrimspecialedition/mods/55387"
